,Month,Year,Type,Country,Types,Decade
0,06,2018,Unprovoked,AUSTRALIA,Unprovoked,2010.0
1,06,2018,Unprovoked,AUSTRALIA,Unprovoked,2010.0
2,05,2018,Provoked,AUSTRALIA,Provoked,2010.0
3,05,2018,Provoked,AUSTRALIA,Provoked,2010.0
4,04,2018,Unprovoked,AUSTRALIA,Unprovoked,2010.0
5,04,2018,Unprovoked,AUSTRALIA,Unprovoked,2010.0
6,04,2018,Unprovoked,AUSTRALIA,Unprovoked,2010.0
7,04,2018,Unprovoked,AUSTRALIA,Unprovoked,2010.0
8,04,2018,Unprovoked,AUSTRALIA,Unprovoked,2010.0
9,03,2018,Unprovoked,AUSTRALIA,Unprovoked,2010.0
10,03,2018,Unprovoked,AUSTRALIA,Unprovoked,2010.0
11,03,2018,Unprovoked,AUSTRALIA,Unprovoked,2010.0
12,02,2018,Unprovoked,AUSTRALIA,Unprovoked,2010.0
13,02,2018,Provoked,AUSTRALIA,Provoked,2010.0
14,02,2018,Unprovoked,AUSTRALIA,Unprovoked,2010.0
15,01,2018,Unprovoked,AUSTRALIA,Unprovoked,2010.0
16,01,2018,Unprovoked,AUSTRALIA,Unprovoked,2010.0
17,01,2018,Unprovoked,AUSTRALIA,Unprovoked,2010.0
18,01,2018,Unprovoked,AUSTRALIA,Unprovoked,2010.0
19,11,2017,Unprovoked,AUSTRALIA,Unprovoked,2010.0
20,10,2017,Unprovoked,AUSTRALIA,Unprovoked,2010.0
21,10,2017,Unprovoked,AUSTRALIA,Unprovoked,2010.0
22,10,2017,Unprovoked,AUSTRALIA,Unprovoked,2010.0
23,09,2017,Unprovoked,AUSTRALIA,Unprovoked,2010.0
24,09,2017,Boating,AUSTRALIA,Boating,2010.0
25,09,2017,Unprovoked,AUSTRALIA,Unprovoked,2010.0
26,09,2017,Unprovoked,AUSTRALIA,Unprovoked,2010.0
27,08,2017,Unprovoked,AUSTRALIA,Unprovoked,2010.0
28,07,2017,Unprovoked,AUSTRALIA,Unprovoked,2010.0
29,06,2017,Unprovoked,AUSTRALIA,Unprovoked,2010.0
30,06,2017,Unprovoked,AUSTRALIA,Unprovoked,2010.0
31,05,2017,Provoked,AUSTRALIA,Provoked,2010.0
32,04,2017,Unprovoked,AUSTRALIA,Unprovoked,2010.0
33,04,2017,Unprovoked,AUSTRALIA,Unprovoked,2010.0
34,03,2017,Unprovoked,AUSTRALIA,Unprovoked,2010.0
35,02,2017,Unprovoked,AUSTRALIA,Unprovoked,2010.0
36,02,2017,Unprovoked,AUSTRALIA,Unprovoked,2010.0
37,02,2017,Unprovoked,AUSTRALIA,Unprovoked,2010.0
38,01,2017,Unprovoked,AUSTRALIA,Unprovoked,2010.0
39,01,2017,Unprovoked,AUSTRALIA,Unprovoked,2010.0
40,12,2016,Unprovoked,AUSTRALIA,Unprovoked,2010.0
41,12,2016,Unprovoked,AUSTRALIA,Unprovoked,2010.0
42,12,2016,Provoked,AUSTRALIA,Provoked,2010.0
43,12,2016,Unprovoked,AUSTRALIA,Unprovoked,2010.0
44,11,2016,Provoked,AUSTRALIA,Provoked,2010.0
45,10,2016,Unprovoked,AUSTRALIA,Unprovoked,2010.0
46,10,2016,Unprovoked,AUSTRALIA,Unprovoked,2010.0
47,10,2016,Unprovoked,AUSTRALIA,Unprovoked,2010.0
48,09,2016,Unprovoked,AUSTRALIA,Unprovoked,2010.0
49,09,2016,Unprovoked,AUSTRALIA,Unprovoked,2010.0
50,09,2016,Unprovoked,AUSTRALIA,Unprovoked,2010.0
51,09,2016,Boating,AUSTRALIA,Boating,2010.0
52,09,2016,Unprovoked,AUSTRALIA,Unprovoked,2010.0
53,07,2016,Boating,AUSTRALIA,Boating,2010.0
54,07,2016,Unprovoked,AUSTRALIA,Unprovoked,2010.0
55,07,2016,Unprovoked,AUSTRALIA,Unprovoked,2010.0
56,07,2016,Provoked,AUSTRALIA,Provoked,2010.0
57,07,2016,Provoked,AUSTRALIA,Provoked,2010.0
58,06,2016,Provoked,AUSTRALIA,Provoked,2010.0
59,06,2016,Unprovoked,AUSTRALIA,Unprovoked,2010.0
60,06,2016,Unprovoked,AUSTRALIA,Unprovoked,2010.0
61,05,2016,Unprovoked,AUSTRALIA,Unprovoked,2010.0
62,04,2016,Unprovoked,AUSTRALIA,Unprovoked,2010.0
63,03,2016,Unprovoked,AUSTRALIA,Unprovoked,2010.0
64,03,2016,Unprovoked,AUSTRALIA,Unprovoked,2010.0
65,03,2016,Unprovoked,AUSTRALIA,Unprovoked,2010.0
66,02,2016,Unprovoked,AUSTRALIA,Unprovoked,2010.0
67,02,2016,Unprovoked,AUSTRALIA,Unprovoked,2010.0
68,01,2016,Unprovoked,AUSTRALIA,Unprovoked,2010.0
69,01,2016,Unprovoked,AUSTRALIA,Unprovoked,2010.0
70,01,2016,Unprovoked,AUSTRALIA,Unprovoked,2010.0
71,12,2015,Unprovoked,AUSTRALIA,Unprovoked,2010.0
72,12,2015,Boating,AUSTRALIA,Boating,2010.0
73,11,2015,Unprovoked,AUSTRALIA,Unprovoked,2010.0
74,10,2015,Unprovoked,AUSTRALIA,Unprovoked,2010.0
75,10,2015,Unprovoked,AUSTRALIA,Unprovoked,2010.0
76,09,2015,Unprovoked,AUSTRALIA,Unprovoked,2010.0
77,09,2015,Unprovoked,AUSTRALIA,Unprovoked,2010.0
78,09,2015,Unprovoked,AUSTRALIA,Unprovoked,2010.0
79,08,2015,Unprovoked,AUSTRALIA,Unprovoked,2010.0
80,07,2015,Unprovoked,AUSTRALIA,Unprovoked,2010.0
81,07,2015,Unprovoked,AUSTRALIA,Unprovoked,2010.0
82,07,2015,Unprovoked,AUSTRALIA,Unprovoked,2010.0
83,07,2015,Unprovoked,AUSTRALIA,Unprovoked,2010.0
84,07,2015,Unprovoked,AUSTRALIA,Unprovoked,2010.0
85,06,2015,Unprovoked,AUSTRALIA,Unprovoked,2010.0
86,06,2015,Provoked,AUSTRALIA,Provoked,2010.0
87,05,2015,Unprovoked,AUSTRALIA,Unprovoked,2010.0
88,04,2015,Unprovoked,AUSTRALIA,Unprovoked,2010.0
89,04,2015,Unprovoked,AUSTRALIA,Unprovoked,2010.0
90,04,2015,Unprovoked,AUSTRALIA,Unprovoked,2010.0
91,03,2015,Boating,AUSTRALIA,Boating,2010.0
92,02,2015,Unprovoked,AUSTRALIA,Unprovoked,2010.0
93,02,2015,Unprovoked,AUSTRALIA,Unprovoked,2010.0
94,02,2015,Unprovoked,AUSTRALIA,Unprovoked,2010.0
95,01,2015,Boating,AUSTRALIA,Boating,2010.0
96,01,2015,Unprovoked,AUSTRALIA,Unprovoked,2010.0
97,01,2015,Boating,AUSTRALIA,Boating,2010.0
98,01,2015,Unprovoked,AUSTRALIA,Unprovoked,2010.0
99,12,2014,Unprovoked,AUSTRALIA,Unprovoked,2010.0
100,12,2014,Unprovoked,AUSTRALIA,Unprovoked,2010.0
101,12,2014,Provoked,AUSTRALIA,Provoked,2010.0
102,12,2014,Unprovoked,AUSTRALIA,Unprovoked,2010.0
103,11,2014,Unprovoked,AUSTRALIA,Unprovoked,2010.0
104,11,2014,Boating,AUSTRALIA,Boating,2010.0
105,11,2014,Unprovoked,AUSTRALIA,Unprovoked,2010.0
106,10,2014,Provoked,AUSTRALIA,Provoked,2010.0
107,10,2014,Unprovoked,AUSTRALIA,Unprovoked,2010.0
108,10,2014,Boating,AUSTRALIA,Boating,2010.0
109,10,2014,Unprovoked,AUSTRALIA,Unprovoked,2010.0
110,09,2014,Unprovoked,AUSTRALIA,Unprovoked,2010.0
111,08,2014,Unprovoked,AUSTRALIA,Unprovoked,2010.0
112,06,2014,Unprovoked,AUSTRALIA,Unprovoked,2010.0
113,06,2014,Unprovoked,AUSTRALIA,Unprovoked,2010.0
114,06,2014,Provoked,AUSTRALIA,Provoked,2010.0
115,06,2014,Unprovoked,AUSTRALIA,Unprovoked,2010.0
116,06,2014,Unprovoked,AUSTRALIA,Unprovoked,2010.0
117,05,2014,Unprovoked,AUSTRALIA,Unprovoked,2010.0
118,05,2014,Provoked,AUSTRALIA,Provoked,2010.0
119,05,2014,Unprovoked,AUSTRALIA,Unprovoked,2010.0
120,04,2014,Unprovoked,AUSTRALIA,Unprovoked,2010.0
121,04,2014,Unprovoked,AUSTRALIA,Unprovoked,2010.0
122,03,2014,Unprovoked,AUSTRALIA,Unprovoked,2010.0
123,03,2014,Unprovoked,AUSTRALIA,Unprovoked,2010.0
124,02,2014,Unprovoked,AUSTRALIA,Unprovoked,2010.0
125,01,2014,Provoked,AUSTRALIA,Provoked,2010.0
126,12,2013,Unprovoked,AUSTRALIA,Unprovoked,2010.0
127,11,2013,Unprovoked,AUSTRALIA,Unprovoked,2010.0
128,11,2013,Unprovoked,AUSTRALIA,Unprovoked,2010.0
129,11,2013,Unprovoked,AUSTRALIA,Unprovoked,2010.0
130,10,2013,Unprovoked,AUSTRALIA,Unprovoked,2010.0
131,10,2013,Unprovoked,AUSTRALIA,Unprovoked,2010.0
132,10,2013,Unprovoked,AUSTRALIA,Unprovoked,2010.0
133,10,2013,Unprovoked,AUSTRALIA,Unprovoked,2010.0
134,08,2013,Unprovoked,AUSTRALIA,Unprovoked,2010.0
135,07,2013,Unprovoked,AUSTRALIA,Unprovoked,2010.0
136,06,2013,Unprovoked,AUSTRALIA,Unprovoked,2010.0
137,04,2013,Provoked,AUSTRALIA,Provoked,2010.0
138,04,2013,Unprovoked,AUSTRALIA,Unprovoked,2010.0
139,03,2013,Unprovoked,AUSTRALIA,Unprovoked,2010.0
140,01,2013,Boat,AUSTRALIA,Boating,2010.0
141,01,2013,Unprovoked,AUSTRALIA,Unprovoked,2010.0
142,01,2013,Unprovoked,AUSTRALIA,Unprovoked,2010.0
143,12,2012,Unprovoked,AUSTRALIA,Unprovoked,2010.0
144,12,2012,Unprovoked,AUSTRALIA,Unprovoked,2010.0
145,12,2012,Unprovoked,AUSTRALIA,Unprovoked,2010.0
146,12,2012,Unprovoked,AUSTRALIA,Unprovoked,2010.0
147,10,2012,Unprovoked,AUSTRALIA,Unprovoked,2010.0
148,08,2012,Unprovoked,AUSTRALIA,Unprovoked,2010.0
149,08,2012,Boating,AUSTRALIA,Boating,2010.0
150,07,2012,Unprovoked,AUSTRALIA,Unprovoked,2010.0
151,07,2012,Unprovoked,AUSTRALIA,Unprovoked,2010.0
152,06,2012,Unprovoked,AUSTRALIA,Unprovoked,2010.0
153,06,2012,Unprovoked,AUSTRALIA,Unprovoked,2010.0
154,06,2012,Unprovoked,AUSTRALIA,Unprovoked,2010.0
155,06,2012,Unprovoked,AUSTRALIA,Unprovoked,2010.0
156,04,2012,Boating,AUSTRALIA,Boating,2010.0
157,03,2012,Unprovoked,AUSTRALIA,Unprovoked,2010.0
158,03,2012,Boating,AUSTRALIA,Boating,2010.0
159,03,2012,Unprovoked,AUSTRALIA,Unprovoked,2010.0
160,03,2012,Provoked,AUSTRALIA,Provoked,2010.0
161,02,2012,Unprovoked,AUSTRALIA,Unprovoked,2010.0
162,02,2012,Unprovoked,AUSTRALIA,Unprovoked,2010.0
163,01,2012,Unprovoked,AUSTRALIA,Unprovoked,2010.0
164,01,2012,Unprovoked,AUSTRALIA,Unprovoked,2010.0
165,01,2012,Unprovoked,AUSTRALIA,Unprovoked,2010.0
166,01,2012,Unprovoked,AUSTRALIA,Unprovoked,2010.0
167,12,2011,Unprovoked,AUSTRALIA,Unprovoked,2010.0
168,12,2011,Unprovoked,AUSTRALIA,Unprovoked,2010.0
169,12,2011,Unprovoked,AUSTRALIA,Unprovoked,2010.0
170,11,2011,Unprovoked,AUSTRALIA,Unprovoked,2010.0
171,10,2011,Unprovoked,AUSTRALIA,Unprovoked,2010.0
172,10,2011,Unprovoked,AUSTRALIA,Unprovoked,2010.0
173,10,2011,Unprovoked,AUSTRALIA,Unprovoked,2010.0
174,09,2011,Unprovoked,AUSTRALIA,Unprovoked,2010.0
175,04,2011,Unprovoked,AUSTRALIA,Unprovoked,2010.0
176,03,2011,Unprovoked,AUSTRALIA,Unprovoked,2010.0
177,03,2011,Unprovoked,AUSTRALIA,Unprovoked,2010.0
178,03,2011,Unprovoked,AUSTRALIA,Unprovoked,2010.0
179,02,2011,Provoked,AUSTRALIA,Provoked,2010.0
180,02,2011,Unprovoked,AUSTRALIA,Unprovoked,2010.0
181,02,2011,Provoked,AUSTRALIA,Provoked,2010.0
182,02,2011,Unprovoked,AUSTRALIA,Unprovoked,2010.0
183,01,2011,Boat,AUSTRALIA,Boating,2010.0
184,11,2010,Boat,AUSTRALIA,Boating,2010.0
185,10,2010,Unprovoked,AUSTRALIA,Unprovoked,2010.0
186,10,2010,Unprovoked,AUSTRALIA,Unprovoked,2010.0
187,10,2010,Unprovoked,AUSTRALIA,Unprovoked,2010.0
188,10,2010,Unprovoked,AUSTRALIA,Unprovoked,2010.0
189,09,2010,Unprovoked,AUSTRALIA,Unprovoked,2010.0
190,08,2010,Unprovoked,AUSTRALIA,Unprovoked,2010.0
191,08,2010,Provoked,AUSTRALIA,Provoked,2010.0
192,08,2010,Unprovoked,AUSTRALIA,Unprovoked,2010.0
193,06,2010,Unprovoked,AUSTRALIA,Unprovoked,2010.0
194,05,2010,Unprovoked,AUSTRALIA,Unprovoked,2010.0
195,02,2010,Unprovoked,AUSTRALIA,Unprovoked,2010.0
196,02,2010,Unprovoked,AUSTRALIA,Unprovoked,2010.0
197,02,2010,Unprovoked,AUSTRALIA,Unprovoked,2010.0
198,01,2010,Unprovoked,AUSTRALIA,Unprovoked,2010.0
199,01,2010,Unprovoked,AUSTRALIA,Unprovoked,2010.0
200,01,2010,Unprovoked,AUSTRALIA,Unprovoked,2010.0
201,12,2009,Provoked,AUSTRALIA,Provoked,2000.0
202,12,2009,Boating,AUSTRALIA,Boating,2000.0
203,12,2009,Unprovoked,AUSTRALIA,Unprovoked,2000.0
204,12,2009,Unprovoked,AUSTRALIA,Unprovoked,2000.0
205,12,2009,Boating,AUSTRALIA,Boating,2000.0
206,11,2009,Unprovoked,AUSTRALIA,Unprovoked,2000.0
207,10,2009,Boating,AUSTRALIA,Boating,2000.0
208,10,2009,Unprovoked,AUSTRALIA,Unprovoked,2000.0
209,10,2009,Unprovoked,AUSTRALIA,Unprovoked,2000.0
210,07,2009,Unprovoked,AUSTRALIA,Unprovoked,2000.0
211,06,2009,Unprovoked,AUSTRALIA,Unprovoked,2000.0
212,04,2009,Unprovoked,AUSTRALIA,Unprovoked,2000.0
213,03,2009,Unprovoked,AUSTRALIA,Unprovoked,2000.0
214,03,2009,Unprovoked,AUSTRALIA,Unprovoked,2000.0
215,03,2009,Unprovoked,AUSTRALIA,Unprovoked,2000.0
216,03,2009,Provoked,AUSTRALIA,Provoked,2000.0
217,03,2009,Unprovoked,AUSTRALIA,Unprovoked,2000.0
218,02,2009,Unprovoked,AUSTRALIA,Unprovoked,2000.0
219,02,2009,Unprovoked,AUSTRALIA,Unprovoked,2000.0
220,02,2009,Unprovoked,AUSTRALIA,Unprovoked,2000.0
221,02,2009,Unprovoked,AUSTRALIA,Unprovoked,2000.0
222,02,2009,Unprovoked,AUSTRALIA,Unprovoked,2000.0
223,02,2009,Unprovoked,AUSTRALIA,Unprovoked,2000.0
224,01,2009,Unprovoked,AUSTRALIA,Unprovoked,2000.0
225,01,2009,Boat,AUSTRALIA,Boating,2000.0
226,01,2009,Unprovoked,AUSTRALIA,Unprovoked,2000.0
227,01,2009,Unprovoked,AUSTRALIA,Unprovoked,2000.0
228,01,2009,Unprovoked,AUSTRALIA,Unprovoked,2000.0
229,12,2008,Boating,AUSTRALIA,Boating,2000.0
230,12,2008,Unprovoked,AUSTRALIA,Unprovoked,2000.0
231,12,2008,Boating,AUSTRALIA,Boating,2000.0
232,12,2008,Unprovoked,AUSTRALIA,Unprovoked,2000.0
233,12,2006,Boating,AUSTRALIA,Boating,2000.0
234,11,2008,Boating,AUSTRALIA,Boating,2000.0
235,10,2008,Provoked,AUSTRALIA,Provoked,2000.0
236,10,2008,Provoked,AUSTRALIA,Provoked,2000.0
237,10,2008,Unprovoked,AUSTRALIA,Unprovoked,2000.0
238,09,2008,Provoked,AUSTRALIA,Provoked,2000.0
239,09,2008,Unprovoked,AUSTRALIA,Unprovoked,2000.0
240,08,2008,Unprovoked,AUSTRALIA,Unprovoked,2000.0
241,07,2008,Unprovoked,AUSTRALIA,Unprovoked,2000.0
242,05,2008,Unprovoked,AUSTRALIA,Unprovoked,2000.0
243,04,2008,Unprovoked,AUSTRALIA,Unprovoked,2000.0
244,04,2008,Unprovoked,AUSTRALIA,Unprovoked,2000.0
245,02,2008,Unprovoked,AUSTRALIA,Unprovoked,2000.0
246,01,2008,Provoked,AUSTRALIA,Provoked,2000.0
247,12,2007,Unprovoked,AUSTRALIA,Unprovoked,2000.0
248,12,2007,Unprovoked,AUSTRALIA,Unprovoked,2000.0
249,11,2007,Provoked,AUSTRALIA,Provoked,2000.0
250,11,2007,Unprovoked,AUSTRALIA,Unprovoked,2000.0
251,10,2007,Unprovoked,AUSTRALIA,Unprovoked,2000.0
252,10,2007,Unprovoked,AUSTRALIA,Unprovoked,2000.0
253,07,2007,Unprovoked,AUSTRALIA,Unprovoked,2000.0
254,06,2007,Unprovoked,AUSTRALIA,Unprovoked,2000.0
255,05,2007,Unprovoked,AUSTRALIA,Unprovoked,2000.0
256,05,2007,Unprovoked,AUSTRALIA,Unprovoked,2000.0
257,04,2007,Unprovoked,AUSTRALIA,Unprovoked,2000.0
258,03,2007,Unprovoked,AUSTRALIA,Unprovoked,2000.0
259,03,2007,Unprovoked,AUSTRALIA,Unprovoked,2000.0
260,02,2007,Unprovoked,AUSTRALIA,Unprovoked,2000.0
261,01,2007,Unprovoked,AUSTRALIA,Unprovoked,2000.0
262,01,2007,Unprovoked,AUSTRALIA,Unprovoked,2000.0
263,12,2006,Unprovoked,AUSTRALIA,Unprovoked,2000.0
264,12,2006,Unprovoked,AUSTRALIA,Unprovoked,2000.0
265,08,2006,Unprovoked,AUSTRALIA,Unprovoked,2000.0
266,06,2006,Unprovoked,AUSTRALIA,Unprovoked,2000.0
267,05,2006,Provoked,AUSTRALIA,Provoked,2000.0
268,04,2006,Unprovoked,AUSTRALIA,Unprovoked,2000.0
269,03,2006,Unprovoked,AUSTRALIA,Unprovoked,2000.0
270,02,2006,Unprovoked,AUSTRALIA,Unprovoked,2000.0
271,02,2006,Unprovoked,AUSTRALIA,Unprovoked,2000.0
272,02,2006,Boating,AUSTRALIA,Boating,2000.0
273,01,2006,Unprovoked,AUSTRALIA,Unprovoked,2000.0
274,01,2006,Unprovoked,AUSTRALIA,Unprovoked,2000.0
275,12,2005,Unprovoked,AUSTRALIA,Unprovoked,2000.0
276,12,2005,Boat,AUSTRALIA,Boating,2000.0
277,11,2005,Boat,AUSTRALIA,Boating,2000.0
278,11,2005,Unprovoked,AUSTRALIA,Unprovoked,2000.0
279,09,2005,Unprovoked,AUSTRALIA,Unprovoked,2000.0
280,09,2005,Unprovoked,AUSTRALIA,Unprovoked,2000.0
281,09,2005,Unprovoked,AUSTRALIA,Unprovoked,2000.0
282,09,2005,Unprovoked,AUSTRALIA,Unprovoked,2000.0
283,09,2005,Unprovoked,AUSTRALIA,Unprovoked,2000.0
284,08,2005,Unprovoked,AUSTRALIA,Unprovoked,2000.0
285,05,2005,Unprovoked,AUSTRALIA,Unprovoked,2000.0
286,04,2005,Provoked,AUSTRALIA,Provoked,2000.0
287,04,2005,Unprovoked,AUSTRALIA,Unprovoked,2000.0
288,04,2005,Unprovoked,AUSTRALIA,Unprovoked,2000.0
289,04,2005,Unprovoked,AUSTRALIA,Unprovoked,2000.0
290,03,2005,Unprovoked,AUSTRALIA,Unprovoked,2000.0
291,03,2005,Unprovoked,AUSTRALIA,Unprovoked,2000.0
292,02,2005,Unprovoked,AUSTRALIA,Unprovoked,2000.0
293,01,2005,Provoked,AUSTRALIA,Provoked,2000.0
294,01,2005,Provoked,AUSTRALIA,Provoked,2000.0
295,12,2004,Unprovoked,AUSTRALIA,Unprovoked,2000.0
296,12,2004,Unprovoked,AUSTRALIA,Unprovoked,2000.0
297,10,2004,Unprovoked,AUSTRALIA,Unprovoked,2000.0
298,09,2004,Boat,AUSTRALIA,Boating,2000.0
299,08,2004,Unprovoked,AUSTRALIA,Unprovoked,2000.0
300,07,2004,Boating,AUSTRALIA,Boating,2000.0
301,07,2004,Unprovoked,AUSTRALIA,Unprovoked,2000.0
302,06,2004,Unprovoked,AUSTRALIA,Unprovoked,2000.0
303,04,2004,Unprovoked,AUSTRALIA,Unprovoked,2000.0
304,03,2004,Unprovoked,AUSTRALIA,Unprovoked,2000.0
305,02,2004,Unprovoked,AUSTRALIA,Unprovoked,2000.0
306,02,2004,Unprovoked,AUSTRALIA,Unprovoked,2000.0
307,01,2004,Unprovoked,AUSTRALIA,Unprovoked,2000.0
308,01,2004,Unprovoked,AUSTRALIA,Unprovoked,2000.0
309,12,2003,Unprovoked,AUSTRALIA,Unprovoked,2000.0
310,11,2003,Unprovoked,AUSTRALIA,Unprovoked,2000.0
311,11,2003,Unprovoked,AUSTRALIA,Unprovoked,2000.0
312,11,2003,Unprovoked,AUSTRALIA,Unprovoked,2000.0
313,10,2003,Unprovoked,AUSTRALIA,Unprovoked,2000.0
314,07,2003,Unprovoked,AUSTRALIA,Unprovoked,2000.0
315,02,2003,Unprovoked,AUSTRALIA,Unprovoked,2000.0
316,02,2003,Unprovoked,AUSTRALIA,Unprovoked,2000.0
317,02,2003,Unprovoked,AUSTRALIA,Unprovoked,2000.0
318,01,2003,Unprovoked,AUSTRALIA,Unprovoked,2000.0
319,12,2002,Unprovoked,AUSTRALIA,Unprovoked,2000.0
320,12,2002,Unprovoked,AUSTRALIA,Unprovoked,2000.0
321,12,2002,Unprovoked,AUSTRALIA,Unprovoked,2000.0
322,06,2002,Unprovoked,AUSTRALIA,Unprovoked,2000.0
323,05,2002,Provoked,AUSTRALIA,Provoked,2000.0
324,04,2002,Unprovoked,AUSTRALIA,Unprovoked,2000.0
325,04,2002,Unprovoked,AUSTRALIA,Unprovoked,2000.0
326,02,2002,Unprovoked,AUSTRALIA,Unprovoked,2000.0
327,02,2002,Boating,AUSTRALIA,Boating,2000.0
328,01,2002,Unprovoked,AUSTRALIA,Unprovoked,2000.0
329,01,2002,Unprovoked,AUSTRALIA,Unprovoked,2000.0
330,11,2001,Unprovoked,AUSTRALIA,Unprovoked,2000.0
331,10,2001,Unprovoked,AUSTRALIA,Unprovoked,2000.0
332,09,2001,Boat,AUSTRALIA,Boating,2000.0
333,05,2001,Unprovoked,AUSTRALIA,Unprovoked,2000.0
334,04,2001,Provoked,AUSTRALIA,Provoked,2000.0
335,04,2001,Unprovoked,AUSTRALIA,Unprovoked,2000.0
336,02,2001,Boating,AUSTRALIA,Boating,2000.0
337,02,2001,Unprovoked,AUSTRALIA,Unprovoked,2000.0
338,01,2001,Boating,AUSTRALIA,Boating,2000.0
339,01,2001,Boating,AUSTRALIA,Boating,2000.0
340,12,2000,Unprovoked,AUSTRALIA,Unprovoked,2000.0
341,12,2000,Boating,AUSTRALIA,Boating,2000.0
342,12,2000,Unprovoked,AUSTRALIA,Unprovoked,2000.0
343,11,2000,Unprovoked,AUSTRALIA,Unprovoked,2000.0
344,11,2000,Unprovoked,AUSTRALIA,Unprovoked,2000.0
345,11,2000,Unprovoked,AUSTRALIA,Unprovoked,2000.0
346,10,2000,Boat,AUSTRALIA,Boating,2000.0
347,09,2000,Unprovoked,AUSTRALIA,Unprovoked,2000.0
348,09,2000,Unprovoked,AUSTRALIA,Unprovoked,2000.0
349,09,2000,Provoked,AUSTRALIA,Provoked,2000.0
350,03,2000,Unprovoked,AUSTRALIA,Unprovoked,2000.0
351,03,2000,Unprovoked,AUSTRALIA,Unprovoked,2000.0
352,03,2000,Boating,AUSTRALIA,Boating,2000.0
353,03,2000,Boating,AUSTRALIA,Boating,2000.0
354,03,2000,Unprovoked,AUSTRALIA,Unprovoked,2000.0
355,02,2000,Unprovoked,AUSTRALIA,Unprovoked,2000.0
356,05,1999,Unprovoked,AUSTRALIA,Unprovoked,1990.0
357,02,1999,Unprovoked,AUSTRALIA,Unprovoked,1990.0
358,12,1998,Unprovoked,AUSTRALIA,Unprovoked,1990.0
359,12,1998,Unprovoked,AUSTRALIA,Unprovoked,1990.0
360,06,1998,Unprovoked,AUSTRALIA,Unprovoked,1990.0
361,01,1998,Unprovoked,AUSTRALIA,Unprovoked,1990.0
362,11,1997,Unprovoked,AUSTRALIA,Unprovoked,1990.0
363,10,1997,Unprovoked,AUSTRALIA,Unprovoked,1990.0
364,07,1997,Unprovoked,AUSTRALIA,Unprovoked,1990.0
365,02,1997,Unprovoked,AUSTRALIA,Unprovoked,1990.0
366,02,1997,Unprovoked,AUSTRALIA,Unprovoked,1990.0
367,02,1997,Boat,AUSTRALIA,Boating,1990.0
368,01,1997,Unprovoked,AUSTRALIA,Unprovoked,1990.0
369,01,1997,Unprovoked,AUSTRALIA,Unprovoked,1990.0
370,01,1997,Boat,AUSTRALIA,Boating,1990.0
371,12,1996,Unprovoked,AUSTRALIA,Unprovoked,1990.0
372,06,1996,Unprovoked,AUSTRALIA,Unprovoked,1990.0
373,04,1996,Unprovoked,AUSTRALIA,Unprovoked,1990.0
374,04,1996,Unprovoked,AUSTRALIA,Unprovoked,1990.0
375,03,1996,Unprovoked,AUSTRALIA,Unprovoked,1990.0
376,03,1996,Unprovoked,AUSTRALIA,Unprovoked,1990.0
377,02,1996,Unprovoked,AUSTRALIA,Unprovoked,1990.0
378,02,1996,Unprovoked,AUSTRALIA,Unprovoked,1990.0
379,01,1996,Unprovoked,AUSTRALIA,Unprovoked,1990.0
380,01,1996,Unprovoked,AUSTRALIA,Unprovoked,1990.0
381,01,1996,Boating,AUSTRALIA,Boating,1990.0
382,11,1995,Unprovoked,AUSTRALIA,Unprovoked,1990.0
383,10,1995,Unprovoked,AUSTRALIA,Unprovoked,1990.0
384,09,1995,Unprovoked,AUSTRALIA,Unprovoked,1990.0
385,05,1995,Unprovoked,AUSTRALIA,Unprovoked,1990.0
386,04,1995,Unprovoked,AUSTRALIA,Unprovoked,1990.0
387,03,1995,Unprovoked,AUSTRALIA,Unprovoked,1990.0
388,03,1995,Unprovoked,AUSTRALIA,Unprovoked,1990.0
389,01,1994,Boat,AUSTRALIA,Boating,1990.0
390,01,1994,Unprovoked,AUSTRALIA,Unprovoked,1990.0
391,11,1993,Unprovoked,AUSTRALIA,Unprovoked,1990.0
392,08,1993,Boat,AUSTRALIA,Boating,1990.0
393,06,1993,Unprovoked,AUSTRALIA,Unprovoked,1990.0
394,06,1993,Unprovoked,AUSTRALIA,Unprovoked,1990.0
395,02,1993,Provoked,AUSTRALIA,Provoked,1990.0
396,01,1993,Unprovoked,AUSTRALIA,Unprovoked,1990.0
397,10,1992,Unprovoked,AUSTRALIA,Unprovoked,1990.0
398,10,1992,Unprovoked,AUSTRALIA,Unprovoked,1990.0
399,08,1992,Unprovoked,AUSTRALIA,Unprovoked,1990.0
400,03,1992,Unprovoked,AUSTRALIA,Unprovoked,1990.0
401,01,1992,Unprovoked,AUSTRALIA,Unprovoked,1990.0
402,11,1991,Unprovoked,AUSTRALIA,Unprovoked,1990.0
403,09,1991,Unprovoked,AUSTRALIA,Unprovoked,1990.0
404,08,1991,Provoked,AUSTRALIA,Provoked,1990.0
405,03,1991,Unprovoked,AUSTRALIA,Unprovoked,1990.0
406,01,1991,Unprovoked,AUSTRALIA,Unprovoked,1990.0
407,01,1991,Unprovoked,AUSTRALIA,Unprovoked,1990.0
408,01,1991,Unprovoked,AUSTRALIA,Unprovoked,1990.0
409,11,1990,Unprovoked,AUSTRALIA,Unprovoked,1990.0
410,10,1990,Unprovoked,AUSTRALIA,Unprovoked,1990.0
411,10,1990,Unprovoked,AUSTRALIA,Unprovoked,1990.0
412,05,1990,Unprovoked,AUSTRALIA,Unprovoked,1990.0
413,05,1990,Unprovoked,AUSTRALIA,Unprovoked,1990.0
414,04,1990,Unprovoked,AUSTRALIA,Unprovoked,1990.0
415,04,1990,Unprovoked,AUSTRALIA,Unprovoked,1990.0
416,04,1990,Unprovoked,AUSTRALIA,Unprovoked,1990.0
417,04,1990,Unprovoked,AUSTRALIA,Unprovoked,1990.0
418,12,1989,Unprovoked,AUSTRALIA,Unprovoked,1980.0
419,11,1989,Unprovoked,AUSTRALIA,Unprovoked,1980.0
420,11,1989,Unprovoked,AUSTRALIA,Unprovoked,1980.0
421,10,1989,Unprovoked,AUSTRALIA,Unprovoked,1980.0
422,10,1989,Unprovoked,AUSTRALIA,Unprovoked,1980.0
423,10,1989,Unprovoked,AUSTRALIA,Unprovoked,1980.0
424,08,1989,Provoked,AUSTRALIA,Provoked,1980.0
425,08,1989,Unprovoked,AUSTRALIA,Unprovoked,1980.0
426,08,1989,Provoked,AUSTRALIA,Provoked,1980.0
427,03,1989,Unprovoked,AUSTRALIA,Unprovoked,1980.0
428,03,1989,Boating,AUSTRALIA,Boating,1980.0
429,01,1989,Unprovoked,AUSTRALIA,Unprovoked,1980.0
430,11,1988,Sea Disaster,AUSTRALIA,Sea Disaster,1980.0
431,11,1988,Sea Disaster,AUSTRALIA,Sea Disaster,1980.0
432,10,1988,Unprovoked,AUSTRALIA,Unprovoked,1980.0
433,10,1988,Unprovoked,AUSTRALIA,Unprovoked,1980.0
434,02,1988,Boat,AUSTRALIA,Boating,1980.0
435,09,1987,Unprovoked,AUSTRALIA,Unprovoked,1980.0
436,05,1987,Provoked,AUSTRALIA,Provoked,1980.0
437,03,1987,Unprovoked,AUSTRALIA,Unprovoked,1980.0
438,01,1987,Unprovoked,AUSTRALIA,Unprovoked,1980.0
439,10,1986,Unprovoked,AUSTRALIA,Unprovoked,1980.0
440,08,1986,Unprovoked,AUSTRALIA,Unprovoked,1980.0
441,07,1986,Boat,AUSTRALIA,Boating,1980.0
442,05,1986,Unprovoked,AUSTRALIA,Unprovoked,1980.0
443,02,1986,Unprovoked,AUSTRALIA,Unprovoked,1980.0
444,11,1985,Provoked,AUSTRALIA,Provoked,1980.0
445,03,1985,Unprovoked,AUSTRALIA,Unprovoked,1980.0
446,11,1984,Unprovoked,AUSTRALIA,Unprovoked,1980.0
447,03,1984,Unprovoked,AUSTRALIA,Unprovoked,1980.0
448,02,1984,Unprovoked,AUSTRALIA,Unprovoked,1980.0
449,12,1983,Unprovoked,AUSTRALIA,Unprovoked,1980.0
450,07,1983,Sea Disaster,AUSTRALIA,Sea Disaster,1980.0
451,07,1983,Sea Disaster,AUSTRALIA,Sea Disaster,1980.0
452,07,1983,Sea Disaster,AUSTRALIA,Sea Disaster,1980.0
453,03,1982,Unprovoked,AUSTRALIA,Unprovoked,1980.0
454,02,1982,Unprovoked,AUSTRALIA,Unprovoked,1980.0
455,12,1981,Unprovoked,AUSTRALIA,Unprovoked,1980.0
456,02,1981,Unprovoked,AUSTRALIA,Unprovoked,1980.0
457,02,1981,Unprovoked,AUSTRALIA,Unprovoked,1980.0
458,11,1980,Unprovoked,AUSTRALIA,Unprovoked,1980.0
459,09,1979,Unprovoked,AUSTRALIA,Unprovoked,1970.0
460,12,1978,Unprovoked,AUSTRALIA,Unprovoked,1970.0
461,09,1978,Unprovoked,AUSTRALIA,Unprovoked,1970.0
462,04,1978,Unprovoked,AUSTRALIA,Unprovoked,1970.0
463,08,1977,Unprovoked,AUSTRALIA,Unprovoked,1970.0
464,08,1977,Unprovoked,AUSTRALIA,Unprovoked,1970.0
465,04,1977,Unprovoked,AUSTRALIA,Unprovoked,1970.0
466,03,1977,Sea Disaster,AUSTRALIA,Sea Disaster,1970.0
467,03,1977,Sea Disaster,AUSTRALIA,Sea Disaster,1970.0
468,03,1977,Sea Disaster,AUSTRALIA,Sea Disaster,1970.0
469,02,1977,Unprovoked,AUSTRALIA,Unprovoked,1970.0
470,12,1976,Unprovoked,AUSTRALIA,Unprovoked,1970.0
471,09,1976,Unprovoked,AUSTRALIA,Unprovoked,1970.0
472,06,1976,Boat,AUSTRALIA,Boating,1970.0
473,01,1976,Unprovoked,AUSTRALIA,Unprovoked,1970.0
474,12,1975,Boat,AUSTRALIA,Boating,1970.0
475,12,1975,Provoked,AUSTRALIA,Provoked,1970.0
476,11,1975,Unprovoked,AUSTRALIA,Unprovoked,1970.0
477,11,1975,Unprovoked,AUSTRALIA,Unprovoked,1970.0
478,10,1975,Unprovoked,AUSTRALIA,Unprovoked,1970.0
479,07,1975,Unprovoked,AUSTRALIA,Unprovoked,1970.0
480,07,1975,Unprovoked,AUSTRALIA,Unprovoked,1970.0
481,07,1975,Provoked,AUSTRALIA,Provoked,1970.0
482,03,1975,Unprovoked,AUSTRALIA,Unprovoked,1970.0
483,03,1975,Provoked,AUSTRALIA,Provoked,1970.0
484,02,1975,Unprovoked,AUSTRALIA,Unprovoked,1970.0
485,02,1975,Unprovoked,AUSTRALIA,Unprovoked,1970.0
486,02,1975,Unprovoked,AUSTRALIA,Unprovoked,1970.0
487,01,1975,Unprovoked,AUSTRALIA,Unprovoked,1970.0
488,12,1974,Unprovoked,AUSTRALIA,Unprovoked,1970.0
489,09,1974,Sea Disaster,AUSTRALIA,Sea Disaster,1970.0
490,01,1974,Unprovoked,AUSTRALIA,Unprovoked,1970.0
491,11,1973,Unprovoked,AUSTRALIA,Unprovoked,1970.0
492,11,1973,Unprovoked,AUSTRALIA,Unprovoked,1970.0
493,08,1973,Unprovoked,AUSTRALIA,Unprovoked,1970.0
494,08,1973,Unprovoked,AUSTRALIA,Unprovoked,1970.0
495,03,1973,Unprovoked,AUSTRALIA,Unprovoked,1970.0
496,12,1972,Unprovoked,AUSTRALIA,Unprovoked,1970.0
497,12,1972,Provoked,AUSTRALIA,Provoked,1970.0
498,10,1972,Unprovoked,AUSTRALIA,Unprovoked,1970.0
499,10,1972,Unprovoked,AUSTRALIA,Unprovoked,1970.0
500,08,1972,Unprovoked,AUSTRALIA,Unprovoked,1970.0
501,06,1972,Unprovoked,AUSTRALIA,Unprovoked,1970.0
502,06,1972,Unprovoked,AUSTRALIA,Unprovoked,1970.0
503,04,1972,Unprovoked,AUSTRALIA,Unprovoked,1970.0
504,02,1972,Unprovoked,AUSTRALIA,Unprovoked,1970.0
505,02,1972,Unprovoked,AUSTRALIA,Unprovoked,1970.0
506,12,1971,Unprovoked,AUSTRALIA,Unprovoked,1970.0
507,12,1971,Unprovoked,AUSTRALIA,Unprovoked,1970.0
508,11,1971,Provoked,AUSTRALIA,Provoked,1970.0
509,09,1971,Unprovoked,AUSTRALIA,Unprovoked,1970.0
510,08,1971,Provoked,AUSTRALIA,Provoked,1970.0
511,01,1971,Unprovoked,AUSTRALIA,Unprovoked,1970.0
512,09,1970,Provoked,AUSTRALIA,Provoked,1970.0
513,11,1969,Unprovoked,AUSTRALIA,Unprovoked,1960.0
514,11,1969,Provoked,AUSTRALIA,Provoked,1960.0
515,05,1969,Unprovoked,AUSTRALIA,Unprovoked,1960.0
516,03,1969,Provoked,AUSTRALIA,Provoked,1960.0
517,02,1969,Provoked,AUSTRALIA,Provoked,1960.0
518,01,1969,Unprovoked,AUSTRALIA,Unprovoked,1960.0
519,01,1969,Unprovoked,AUSTRALIA,Unprovoked,1960.0
520,12,1968,Provoked,AUSTRALIA,Provoked,1960.0
521,12,1968,Unprovoked,AUSTRALIA,Unprovoked,1960.0
522,11,1968,Provoked,AUSTRALIA,Provoked,1960.0
523,04,1968,Unprovoked,AUSTRALIA,Unprovoked,1960.0
524,04,1968,Provoked,AUSTRALIA,Provoked,1960.0
525,02,1968,Unprovoked,AUSTRALIA,Unprovoked,1960.0
526,02,1968,Unprovoked,AUSTRALIA,Unprovoked,1960.0
527,02,1968,Unprovoked,AUSTRALIA,Unprovoked,1960.0
528,12,1967,Unprovoked,AUSTRALIA,Unprovoked,1960.0
529,11,1967,Provoked,AUSTRALIA,Provoked,1960.0
530,11,1967,Unprovoked,AUSTRALIA,Unprovoked,1960.0
531,08,1967,Unprovoked,AUSTRALIA,Unprovoked,1960.0
532,05,1967,Provoked,AUSTRALIA,Provoked,1960.0
533,05,1967,Provoked,AUSTRALIA,Provoked,1960.0
534,03,1967,Provoked,AUSTRALIA,Provoked,1960.0
535,01,1967,Provoked,AUSTRALIA,Provoked,1960.0
536,12,1966,Unprovoked,AUSTRALIA,Unprovoked,1960.0
537,12,1966,Provoked,AUSTRALIA,Provoked,1960.0
538,12,1966,Unprovoked,AUSTRALIA,Unprovoked,1960.0
539,12,1966,Unprovoked,AUSTRALIA,Unprovoked,1960.0
540,09,1966,Unprovoked,AUSTRALIA,Unprovoked,1960.0
541,09,1966,Provoked,AUSTRALIA,Provoked,1960.0
542,09,1966,Unprovoked,AUSTRALIA,Unprovoked,1960.0
543,08,1966,Boat,AUSTRALIA,Boating,1960.0
544,05,1966,Sea Disaster,AUSTRALIA,Sea Disaster,1960.0
545,05,1966,Unprovoked,AUSTRALIA,Unprovoked,1960.0
546,05,1966,Sea Disaster,AUSTRALIA,Sea Disaster,1960.0
547,04,1966,Sea Disaster,AUSTRALIA,Sea Disaster,1960.0
548,03,1966,Provoked,AUSTRALIA,Provoked,1960.0
549,02,1966,Unprovoked,AUSTRALIA,Unprovoked,1960.0
550,01,1966,Unprovoked,AUSTRALIA,Unprovoked,1960.0
551,01,1966,Unprovoked,AUSTRALIA,Unprovoked,1960.0
552,12,1965,Unprovoked,AUSTRALIA,Unprovoked,1960.0
553,12,1965,Boat,AUSTRALIA,Boating,1960.0
554,11,1965,Provoked,AUSTRALIA,Provoked,1960.0
555,11,1965,Unprovoked,AUSTRALIA,Unprovoked,1960.0
556,01,1965,Unprovoked,AUSTRALIA,Unprovoked,1960.0
557,12,1964,Boat,AUSTRALIA,Boating,1960.0
558,11,1964,Unprovoked,AUSTRALIA,Unprovoked,1960.0
559,11,1964,Unprovoked,AUSTRALIA,Unprovoked,1960.0
560,11,1964,Provoked,AUSTRALIA,Provoked,1960.0
561,10,1964,Unprovoked,AUSTRALIA,Unprovoked,1960.0
562,03,1964,Unprovoked,AUSTRALIA,Unprovoked,1960.0
563,01,1964,Unprovoked,AUSTRALIA,Unprovoked,1960.0
564,01,1964,Unprovoked,AUSTRALIA,Unprovoked,1960.0
565,12,1963,Unprovoked,AUSTRALIA,Unprovoked,1960.0
566,12,1963,Provoked,AUSTRALIA,Provoked,1960.0
567,12,1963,Unprovoked,AUSTRALIA,Unprovoked,1960.0
568,11,1963,Provoked,AUSTRALIA,Provoked,1960.0
569,09,1963,Provoked,AUSTRALIA,Provoked,1960.0
570,04,1963,Provoked,AUSTRALIA,Provoked,1960.0
571,04,1963,Unprovoked,AUSTRALIA,Unprovoked,1960.0
572,02,1963,Unprovoked,AUSTRALIA,Unprovoked,1960.0
573,01,1963,Unprovoked,AUSTRALIA,Unprovoked,1960.0
574,01,1963,Provoked,AUSTRALIA,Provoked,1960.0
575,12,1962,Unprovoked,AUSTRALIA,Unprovoked,1960.0
576,11,1962,Unprovoked,AUSTRALIA,Unprovoked,1960.0
577,11,1962,Boat,AUSTRALIA,Boating,1960.0
578,10,1962,Boat,AUSTRALIA,Boating,1960.0
579,06,1962,Boat,AUSTRALIA,Boating,1960.0
580,04,1962,Provoked,AUSTRALIA,Provoked,1960.0
581,03,1962,Boat,AUSTRALIA,Boating,1960.0
582,02,1962,Unprovoked,AUSTRALIA,Unprovoked,1960.0
583,02,1962,Unprovoked,AUSTRALIA,Unprovoked,1960.0
584,01,1962,Provoked,AUSTRALIA,Provoked,1960.0
585,01,1962,Provoked,AUSTRALIA,Provoked,1960.0
586,01,1962,Unprovoked,AUSTRALIA,Unprovoked,1960.0
587,01,1962,Boat,AUSTRALIA,Boating,1960.0
588,01,1962,Boat,AUSTRALIA,Boating,1960.0
589,01,1962,Provoked,AUSTRALIA,Provoked,1960.0
590,01,1962,Unprovoked,AUSTRALIA,Unprovoked,1960.0
591,01,1962,Provoked,AUSTRALIA,Provoked,1960.0
592,12,1961,Unprovoked,AUSTRALIA,Unprovoked,1960.0
593,12,1961,Unprovoked,AUSTRALIA,Unprovoked,1960.0
594,12,1961,Provoked,AUSTRALIA,Provoked,1960.0
595,12,1961,Boat,AUSTRALIA,Boating,1960.0
596,12,1961,Unprovoked,AUSTRALIA,Unprovoked,1960.0
597,12,1961,Unprovoked,AUSTRALIA,Unprovoked,1960.0
598,07,1961,Provoked,AUSTRALIA,Provoked,1960.0
599,05,1961,Provoked,AUSTRALIA,Provoked,1960.0
600,04,1961,Provoked,AUSTRALIA,Provoked,1960.0
601,04,1961,Provoked,AUSTRALIA,Provoked,1960.0
602,04,1961,Unprovoked,AUSTRALIA,Unprovoked,1960.0
603,04,1961,Unprovoked,AUSTRALIA,Unprovoked,1960.0
604,04,1961,Provoked,AUSTRALIA,Provoked,1960.0
605,03,1961,Unprovoked,AUSTRALIA,Unprovoked,1960.0
606,03,1961,Unprovoked,AUSTRALIA,Unprovoked,1960.0
607,03,1961,Provoked,AUSTRALIA,Provoked,1960.0
608,03,1961,Unprovoked,AUSTRALIA,Unprovoked,1960.0
609,02,1961,Unprovoked,AUSTRALIA,Unprovoked,1960.0
610,02,1961,Unprovoked,AUSTRALIA,Unprovoked,1960.0
611,01,1961,Provoked,AUSTRALIA,Provoked,1960.0
612,01,1961,Provoked,AUSTRALIA,Provoked,1960.0
613,01,1961,Boat,AUSTRALIA,Boating,1960.0
614,12,1960,Unprovoked,AUSTRALIA,Unprovoked,1960.0
615,12,1960,Unprovoked,AUSTRALIA,Unprovoked,1960.0
616,12,1960,Unprovoked,AUSTRALIA,Unprovoked,1960.0
617,11,1960,Unprovoked,AUSTRALIA,Unprovoked,1960.0
618,11,1960,Provoked,AUSTRALIA,Provoked,1960.0
619,11,1960,Unprovoked,AUSTRALIA,Unprovoked,1960.0
620,09,1960,Boat,AUSTRALIA,Boating,1960.0
621,04,1960,Provoked,AUSTRALIA,Provoked,1960.0
622,04,1960,Unprovoked,AUSTRALIA,Unprovoked,1960.0
623,04,1960,Provoked,AUSTRALIA,Provoked,1960.0
624,04,1960,Unprovoked,AUSTRALIA,Unprovoked,1960.0
625,04,1960,Unprovoked,AUSTRALIA,Unprovoked,1960.0
626,04,1960,Provoked,AUSTRALIA,Provoked,1960.0
627,02,1960,Unprovoked,AUSTRALIA,Unprovoked,1960.0
628,02,1960,Provoked,AUSTRALIA,Provoked,1960.0
629,02,1960,Provoked,AUSTRALIA,Provoked,1960.0
630,01,1960,Boat,AUSTRALIA,Boating,1960.0
631,01,1960,Unprovoked,AUSTRALIA,Unprovoked,1960.0
632,01,1960,Provoked,AUSTRALIA,Provoked,1960.0
633,01,1960,Boat,AUSTRALIA,Boating,1960.0
634,12,1959,Boat,AUSTRALIA,Boating,1950.0
635,12,1959,Boat,AUSTRALIA,Boating,1950.0
636,12,1959,Unprovoked,AUSTRALIA,Unprovoked,1950.0
637,12,1959,Provoked,AUSTRALIA,Provoked,1950.0
638,11,1959,Unprovoked,AUSTRALIA,Unprovoked,1950.0
639,11,1959,Unprovoked,AUSTRALIA,Unprovoked,1950.0
640,11,1959,Unprovoked,AUSTRALIA,Unprovoked,1950.0
641,11,1959,Provoked,AUSTRALIA,Provoked,1950.0
642,11,1959,Provoked,AUSTRALIA,Provoked,1950.0
643,04,1959,Unprovoked,AUSTRALIA,Unprovoked,1950.0
644,04,1959,Unprovoked,AUSTRALIA,Unprovoked,1950.0
645,02,1959,Boat,AUSTRALIA,Boating,1950.0
646,01,1959,Unprovoked,AUSTRALIA,Unprovoked,1950.0
647,01,1959,Unprovoked,AUSTRALIA,Unprovoked,1950.0
648,01,1959,Unprovoked,AUSTRALIA,Unprovoked,1950.0
649,01,1959,Unprovoked,AUSTRALIA,Unprovoked,1950.0
650,01,1959,Unprovoked,AUSTRALIA,Unprovoked,1950.0
651,11,1958,Unprovoked,AUSTRALIA,Unprovoked,1950.0
652,01,1958,Unprovoked,AUSTRALIA,Unprovoked,1950.0
653,01,1958,Unprovoked,AUSTRALIA,Unprovoked,1950.0
654,12,1957,Unprovoked,AUSTRALIA,Unprovoked,1950.0
655,11,1957,Boat,AUSTRALIA,Boating,1950.0
656,07,1957,Unprovoked,AUSTRALIA,Unprovoked,1950.0
657,05,1957,Unprovoked,AUSTRALIA,Unprovoked,1950.0
658,04,1957,Unprovoked,AUSTRALIA,Unprovoked,1950.0
659,04,1957,Unprovoked,AUSTRALIA,Unprovoked,1950.0
660,02,1957,Unprovoked,AUSTRALIA,Unprovoked,1950.0
661,08,1956,Provoked,AUSTRALIA,Provoked,1950.0
662,06,1956,Unprovoked,AUSTRALIA,Unprovoked,1950.0
663,05,1956,Unprovoked,AUSTRALIA,Unprovoked,1950.0
664,03,1956,Unprovoked,AUSTRALIA,Unprovoked,1950.0
665,03,1956,Unprovoked,AUSTRALIA,Unprovoked,1950.0
666,03,1956,Unprovoked,AUSTRALIA,Unprovoked,1950.0
667,02,1956,Unprovoked,AUSTRALIA,Unprovoked,1950.0
668,02,1956,Unprovoked,AUSTRALIA,Unprovoked,1950.0
669,01,1956,Unprovoked,AUSTRALIA,Unprovoked,1950.0
670,01,1956,Unprovoked,AUSTRALIA,Unprovoked,1950.0
671,12,1955,Boating,AUSTRALIA,Boating,1950.0
672,10,1955,Provoked,AUSTRALIA,Provoked,1950.0
673,08,1955,Boating,AUSTRALIA,Boating,1950.0
674,03,1955,Unprovoked,AUSTRALIA,Unprovoked,1950.0
675,03,1955,Provoked,AUSTRALIA,Provoked,1950.0
676,02,1955,Unprovoked,AUSTRALIA,Unprovoked,1950.0
677,02,1955,Boating,AUSTRALIA,Boating,1950.0
678,02,1955,Boating,AUSTRALIA,Boating,1950.0
679,01,1955,Unprovoked,AUSTRALIA,Unprovoked,1950.0
680,12,1954,Unprovoked,AUSTRALIA,Unprovoked,1950.0
681,09,1954,Unprovoked,AUSTRALIA,Unprovoked,1950.0
682,06,1954,Unprovoked,AUSTRALIA,Unprovoked,1950.0
683,02,1954,Unprovoked,AUSTRALIA,Unprovoked,1950.0
684,01,1954,Unprovoked,AUSTRALIA,Unprovoked,1950.0
685,01,1954,Unprovoked,AUSTRALIA,Unprovoked,1950.0
686,12,1953,Unprovoked,AUSTRALIA,Unprovoked,1950.0
687,12,1953,Unprovoked,AUSTRALIA,Unprovoked,1950.0
688,10,1953,Provoked,AUSTRALIA,Provoked,1950.0
689,06,1953,Provoked,AUSTRALIA,Provoked,1950.0
690,04,1953,Boating,AUSTRALIA,Boating,1950.0
691,03,1953,Unprovoked,AUSTRALIA,Unprovoked,1950.0
692,03,1953,Unprovoked,AUSTRALIA,Unprovoked,1950.0
693,02,1953,Unprovoked,AUSTRALIA,Unprovoked,1950.0
694,02,1953,Unprovoked,AUSTRALIA,Unprovoked,1950.0
695,01,1953,Provoked,AUSTRALIA,Provoked,1950.0
696,01,1953,Boating,AUSTRALIA,Boating,1950.0
697,12,1952,Unprovoked,AUSTRALIA,Unprovoked,1950.0
698,12,1952,Unprovoked,AUSTRALIA,Unprovoked,1950.0
699,05,1952,Unprovoked,AUSTRALIA,Unprovoked,1950.0
700,04,1952,Boating,AUSTRALIA,Boating,1950.0
701,01,1952,Unprovoked,AUSTRALIA,Unprovoked,1950.0
702,12,1951,Provoked,AUSTRALIA,Provoked,1950.0
703,12,1951,Unprovoked,AUSTRALIA,Unprovoked,1950.0
704,10,1951,Unprovoked,AUSTRALIA,Unprovoked,1950.0
705,09,1951,Unprovoked,AUSTRALIA,Unprovoked,1950.0
706,03,1951,Provoked,AUSTRALIA,Provoked,1950.0
707,03,1951,Unprovoked,AUSTRALIA,Unprovoked,1950.0
708,02,1951,Unprovoked,AUSTRALIA,Unprovoked,1950.0
709,02,1951,Unprovoked,AUSTRALIA,Unprovoked,1950.0
710,12,1950,Unprovoked,AUSTRALIA,Unprovoked,1950.0
711,12,1950,Unprovoked,AUSTRALIA,Unprovoked,1950.0
712,12,1950,Unprovoked,AUSTRALIA,Unprovoked,1950.0
713,11,1950,Provoked,AUSTRALIA,Provoked,1950.0
714,11,1950,Unprovoked,AUSTRALIA,Unprovoked,1950.0
715,11,1950,Boating,AUSTRALIA,Boating,1950.0
716,10,1950,Unprovoked,AUSTRALIA,Unprovoked,1950.0
717,07,1950,Boating,AUSTRALIA,Boating,1950.0
718,04,1950,Sea Disaster,AUSTRALIA,Sea Disaster,1950.0
719,02,1950,Unprovoked,AUSTRALIA,Unprovoked,1950.0
720,01,1950,Unprovoked,AUSTRALIA,Unprovoked,1950.0
721,12,1949,Unprovoked,AUSTRALIA,Unprovoked,1940.0
722,11,1949,Unprovoked,AUSTRALIA,Unprovoked,1940.0
723,08,1949,Unprovoked,AUSTRALIA,Unprovoked,1940.0
724,08,1949,Unprovoked,AUSTRALIA,Unprovoked,1940.0
725,08,1949,Unprovoked,AUSTRALIA,Unprovoked,1940.0
726,05,1949,Unprovoked,AUSTRALIA,Unprovoked,1940.0
727,05,1949,Provoked,AUSTRALIA,Provoked,1940.0
728,04,1949,Provoked,AUSTRALIA,Provoked,1940.0
729,04,1949,Unprovoked,AUSTRALIA,Unprovoked,1940.0
730,03,1949,Boating,AUSTRALIA,Boating,1940.0
731,01,1949,Unprovoked,AUSTRALIA,Unprovoked,1940.0
732,01,1949,Unprovoked,AUSTRALIA,Unprovoked,1940.0
733,12,1948,Unprovoked,AUSTRALIA,Unprovoked,1940.0
734,12,1948,Unprovoked,AUSTRALIA,Unprovoked,1940.0
735,12,1948,Unprovoked,AUSTRALIA,Unprovoked,1940.0
736,11,1948,Unprovoked,AUSTRALIA,Unprovoked,1940.0
737,02,1948,Unprovoked,AUSTRALIA,Unprovoked,1940.0
738,01,1948,Unprovoked,AUSTRALIA,Unprovoked,1940.0
739,12,1947,Unprovoked,AUSTRALIA,Unprovoked,1940.0
740,11,1947,Boating,AUSTRALIA,Boating,1940.0
741,11,1947,Unprovoked,AUSTRALIA,Unprovoked,1940.0
742,11,1947,Unprovoked,AUSTRALIA,Unprovoked,1940.0
743,11,1947,Unprovoked,AUSTRALIA,Unprovoked,1940.0
744,11,1947,Unprovoked,AUSTRALIA,Unprovoked,1940.0
745,11,1947,Unprovoked,AUSTRALIA,Unprovoked,1940.0
746,10,1947,Unprovoked,AUSTRALIA,Unprovoked,1940.0
747,07,1947,Unprovoked,AUSTRALIA,Unprovoked,1940.0
748,06,1947,Boating,AUSTRALIA,Boating,1940.0
749,04,1947,Unprovoked,AUSTRALIA,Unprovoked,1940.0
750,02,1947,Boating,AUSTRALIA,Boating,1940.0
751,01,1947,Boating,AUSTRALIA,Boating,1940.0
752,12,1946,Unprovoked,AUSTRALIA,Unprovoked,1940.0
753,12,1946,Boating,AUSTRALIA,Boating,1940.0
754,11,1946,Unprovoked,AUSTRALIA,Unprovoked,1940.0
755,10,1946,Unprovoked,AUSTRALIA,Unprovoked,1940.0
756,08,1946,Unprovoked,AUSTRALIA,Unprovoked,1940.0
757,04,1946,Unprovoked,AUSTRALIA,Unprovoked,1940.0
758,04,1946,Boating,AUSTRALIA,Boating,1940.0
759,03,1946,Boating,AUSTRALIA,Boating,1940.0
760,02,1946,Unprovoked,AUSTRALIA,Unprovoked,1940.0
761,01,1946,Unprovoked,AUSTRALIA,Unprovoked,1940.0
762,01,1946,Unprovoked,AUSTRALIA,Unprovoked,1940.0
763,06,1945,Unprovoked,AUSTRALIA,Unprovoked,1940.0
764,10,1944,Boating,AUSTRALIA,Boating,1940.0
765,01,1944,Boating,AUSTRALIA,Boating,1940.0
766,01,1944,Unprovoked,AUSTRALIA,Unprovoked,1940.0
767,06,1943,Boating,AUSTRALIA,Boating,1940.0
768,05,1943,Sea Disaster,AUSTRALIA,Sea Disaster,1940.0
769,12,1942,Unprovoked,AUSTRALIA,Unprovoked,1940.0
770,09,1942,Unprovoked,AUSTRALIA,Unprovoked,1940.0
771,05,1942,Unprovoked,AUSTRALIA,Unprovoked,1940.0
772,01,1942,Boating,AUSTRALIA,Boating,1940.0
773,01,1942,Unprovoked,AUSTRALIA,Unprovoked,1940.0
774,01,1942,Provoked,AUSTRALIA,Provoked,1940.0
775,12,1941,Unprovoked,AUSTRALIA,Unprovoked,1940.0
776,11,1941,Sea Disaster,AUSTRALIA,Sea Disaster,1940.0
777,02,1941,Provoked,AUSTRALIA,Provoked,1940.0
778,12,1940,Unprovoked,AUSTRALIA,Unprovoked,1940.0
779,12,1940,Unprovoked,AUSTRALIA,Unprovoked,1940.0
780,12,1940,Provoked,AUSTRALIA,Provoked,1940.0
781,03,1940,Unprovoked,AUSTRALIA,Unprovoked,1940.0
782,02,1940,Boating,AUSTRALIA,Boating,1940.0
783,02,1940,Unprovoked,AUSTRALIA,Unprovoked,1940.0
784,01,1940,Unprovoked,AUSTRALIA,Unprovoked,1940.0
785,01,1940,Unprovoked,AUSTRALIA,Unprovoked,1940.0
786,01,1940,Unprovoked,AUSTRALIA,Unprovoked,1940.0
787,01,1940,Unprovoked,AUSTRALIA,Unprovoked,1940.0
788,12,1939,Unprovoked,AUSTRALIA,Unprovoked,1930.0
789,11,1939,Boating,AUSTRALIA,Boating,1930.0
790,11,1939,Provoked,AUSTRALIA,Provoked,1930.0
791,11,1939,Boating,AUSTRALIA,Boating,1930.0
792,11,1939,Boating,AUSTRALIA,Boating,1930.0
793,10,1939,Unprovoked,AUSTRALIA,Unprovoked,1930.0
794,09,1939,Unprovoked,AUSTRALIA,Unprovoked,1930.0
795,01,1939,Unprovoked,AUSTRALIA,Unprovoked,1930.0
796,12,1938,Unprovoked,AUSTRALIA,Unprovoked,1930.0
797,10,1938,Provoked,AUSTRALIA,Provoked,1930.0
798,07,1938,Unprovoked,AUSTRALIA,Unprovoked,1930.0
799,06,1938,Unprovoked,AUSTRALIA,Unprovoked,1930.0
800,03,1938,Unprovoked,AUSTRALIA,Unprovoked,1930.0
801,01,1938,Provoked,AUSTRALIA,Provoked,1930.0
802,01,1938,Unprovoked,AUSTRALIA,Unprovoked,1930.0
803,11,1937,Unprovoked,AUSTRALIA,Unprovoked,1930.0
804,10,1937,Unprovoked,AUSTRALIA,Unprovoked,1930.0
805,10,1937,Unprovoked,AUSTRALIA,Unprovoked,1930.0
806,10,1937,Unprovoked,AUSTRALIA,Unprovoked,1930.0
807,10,1937,Unprovoked,AUSTRALIA,Unprovoked,1930.0
808,08,1937,Unprovoked,AUSTRALIA,Unprovoked,1930.0
809,07,1937,Unprovoked,AUSTRALIA,Unprovoked,1930.0
810,06,1937,Provoked,AUSTRALIA,Provoked,1930.0
811,05,1937,Unprovoked,AUSTRALIA,Unprovoked,1930.0
812,02,1937,Unprovoked,AUSTRALIA,Unprovoked,1930.0
813,02,1937,Unprovoked,AUSTRALIA,Unprovoked,1930.0
814,02,1937,Boating,AUSTRALIA,Boating,1930.0
815,02,1937,Provoked,AUSTRALIA,Provoked,1930.0
816,01,1937,Provoked,AUSTRALIA,Provoked,1930.0
817,12,1936,Boating,AUSTRALIA,Boating,1930.0
818,12,1936,Provoked,AUSTRALIA,Provoked,1930.0
819,12,1936,Unprovoked,AUSTRALIA,Unprovoked,1930.0
820,12,1936,Boating,AUSTRALIA,Boating,1930.0
821,11,1936,Provoked,AUSTRALIA,Provoked,1930.0
822,08,1936,Unprovoked,AUSTRALIA,Unprovoked,1930.0
823,08,1936,Unprovoked,AUSTRALIA,Unprovoked,1930.0
824,07,1936,Unprovoked,AUSTRALIA,Unprovoked,1930.0
825,06,1936,Unprovoked,AUSTRALIA,Unprovoked,1930.0
826,04,1936,Unprovoked,AUSTRALIA,Unprovoked,1930.0
827,04,1936,Unprovoked,AUSTRALIA,Unprovoked,1930.0
828,03,1936,Unprovoked,AUSTRALIA,Unprovoked,1930.0
829,03,1936,Unprovoked,AUSTRALIA,Unprovoked,1930.0
830,03,1936,Boating,AUSTRALIA,Boating,1930.0
831,02,1936,Provoked,AUSTRALIA,Provoked,1930.0
832,02,1936,Unprovoked,AUSTRALIA,Unprovoked,1930.0
833,02,1936,Unprovoked,AUSTRALIA,Unprovoked,1930.0
834,01,1936,Unprovoked,AUSTRALIA,Unprovoked,1930.0
835,01,1936,Provoked,AUSTRALIA,Provoked,1930.0
836,12,1935,Provoked,AUSTRALIA,Provoked,1930.0
837,11,1935,Unprovoked,AUSTRALIA,Unprovoked,1930.0
838,08,1935,Unprovoked,AUSTRALIA,Unprovoked,1930.0
839,08,1935,Unprovoked,AUSTRALIA,Unprovoked,1930.0
840,06,1935,Boating,AUSTRALIA,Boating,1930.0
841,05,1935,Unprovoked,AUSTRALIA,Unprovoked,1930.0
842,03,1935,Unprovoked,AUSTRALIA,Unprovoked,1930.0
843,03,1935,Unprovoked,AUSTRALIA,Unprovoked,1930.0
844,03,1935,Provoked,AUSTRALIA,Provoked,1930.0
845,03,1935,Unprovoked,AUSTRALIA,Unprovoked,1930.0
846,03,1935,Unprovoked,AUSTRALIA,Unprovoked,1930.0
847,03,1935,Unprovoked,AUSTRALIA,Unprovoked,1930.0
848,02,1935,Unprovoked,AUSTRALIA,Unprovoked,1930.0
849,01,1935,Unprovoked,AUSTRALIA,Unprovoked,1930.0
850,01,1935,Boating,AUSTRALIA,Boating,1930.0
851,12,1934,Unprovoked,AUSTRALIA,Unprovoked,1930.0
852,12,1934,Unprovoked,AUSTRALIA,Unprovoked,1930.0
853,12,1934,Unprovoked,AUSTRALIA,Unprovoked,1930.0
854,12,1934,Unprovoked,AUSTRALIA,Unprovoked,1930.0
855,10,1934,Unprovoked,AUSTRALIA,Unprovoked,1930.0
856,10,1934,Unprovoked,AUSTRALIA,Unprovoked,1930.0
857,08,1934,Unprovoked,AUSTRALIA,Unprovoked,1930.0
858,07,1934,Boating,AUSTRALIA,Boating,1930.0
859,06,1934,Provoked,AUSTRALIA,Provoked,1930.0
860,04,1934,Unprovoked,AUSTRALIA,Unprovoked,1930.0
861,04,1934,Unprovoked,AUSTRALIA,Unprovoked,1930.0
862,03,1934,Unprovoked,AUSTRALIA,Unprovoked,1930.0
863,03,1934,Provoked,AUSTRALIA,Provoked,1930.0
864,02,1934,Unprovoked,AUSTRALIA,Unprovoked,1930.0
865,01,1934,Unprovoked,AUSTRALIA,Unprovoked,1930.0
866,01,1934,Unprovoked,AUSTRALIA,Unprovoked,1930.0
867,11,1933,Unprovoked,AUSTRALIA,Unprovoked,1930.0
868,11,1933,Unprovoked,AUSTRALIA,Unprovoked,1930.0
869,10,1933,Unprovoked,AUSTRALIA,Unprovoked,1930.0
870,07,1933,Unprovoked,AUSTRALIA,Unprovoked,1930.0
871,05,1933,Provoked,AUSTRALIA,Provoked,1930.0
872,06,1933,Unprovoked,AUSTRALIA,Unprovoked,1930.0
873,02,1933,Unprovoked,AUSTRALIA,Unprovoked,1930.0
874,02,1933,Unprovoked,AUSTRALIA,Unprovoked,1930.0
875,02,1933,Boating,AUSTRALIA,Boating,1930.0
876,02,1933,Provoked,AUSTRALIA,Provoked,1930.0
877,01,1933,Unprovoked,AUSTRALIA,Unprovoked,1930.0
878,12,1932,Unprovoked,AUSTRALIA,Unprovoked,1930.0
879,10,1932,Unprovoked,AUSTRALIA,Unprovoked,1930.0
880,08,1932,Provoked,AUSTRALIA,Provoked,1930.0
881,08,1932,Provoked,AUSTRALIA,Provoked,1930.0
882,08,1932,Unprovoked,AUSTRALIA,Unprovoked,1930.0
883,05,1932,Unprovoked,AUSTRALIA,Unprovoked,1930.0
884,05,1932,Unprovoked,AUSTRALIA,Unprovoked,1930.0
885,02,1932,Unprovoked,AUSTRALIA,Unprovoked,1930.0
886,01,1932,Unprovoked,AUSTRALIA,Unprovoked,1930.0
887,01,1932,Boating,AUSTRALIA,Boating,1930.0
888,11,1931,Unprovoked,AUSTRALIA,Unprovoked,1930.0
889,08,1931,Unprovoked,AUSTRALIA,Unprovoked,1930.0
890,05,1931,Boating,AUSTRALIA,Boating,1930.0
891,03,1931,Unprovoked,AUSTRALIA,Unprovoked,1930.0
892,03,1931,Provoked,AUSTRALIA,Provoked,1930.0
893,01,1931,Unprovoked,AUSTRALIA,Unprovoked,1930.0
894,01,1931,Unprovoked,AUSTRALIA,Unprovoked,1930.0
895,01,1931,Unprovoked,AUSTRALIA,Unprovoked,1930.0
896,12,1930,Unprovoked,AUSTRALIA,Unprovoked,1930.0
897,12,1930,Unprovoked,AUSTRALIA,Unprovoked,1930.0
898,12,1930,Boating,AUSTRALIA,Boating,1930.0
899,12,1930,Unprovoked,AUSTRALIA,Unprovoked,1930.0
900,11,1930,Unprovoked,AUSTRALIA,Unprovoked,1930.0
901,08,1930,Unprovoked,AUSTRALIA,Unprovoked,1930.0
902,06,1930,Unprovoked,AUSTRALIA,Unprovoked,1930.0
903,02,1930,Unprovoked,AUSTRALIA,Unprovoked,1930.0
904,02,1930,Unprovoked,AUSTRALIA,Unprovoked,1930.0
905,02,1930,Provoked,AUSTRALIA,Provoked,1930.0
906,12,1929,Unprovoked,AUSTRALIA,Unprovoked,1920.0
907,12,1929,Unprovoked,AUSTRALIA,Unprovoked,1920.0
908,12,1929,Unprovoked,AUSTRALIA,Unprovoked,1920.0
909,12,1929,Unprovoked,AUSTRALIA,Unprovoked,1920.0
910,12,1929,Unprovoked,AUSTRALIA,Unprovoked,1920.0
911,10,1929,Unprovoked,AUSTRALIA,Unprovoked,1920.0
912,09,1929,Unprovoked,AUSTRALIA,Unprovoked,1920.0
913,05,1929,Unprovoked,AUSTRALIA,Unprovoked,1920.0
914,04,1929,Unprovoked,AUSTRALIA,Unprovoked,1920.0
915,04,1929,Unprovoked,AUSTRALIA,Unprovoked,1920.0
916,04,1929,Provoked,AUSTRALIA,Provoked,1920.0
917,04,1929,Unprovoked,AUSTRALIA,Unprovoked,1920.0
918,04,1929,Unprovoked,AUSTRALIA,Unprovoked,1920.0
919,03,1929,Unprovoked,AUSTRALIA,Unprovoked,1920.0
920,03,1929,Unprovoked,AUSTRALIA,Unprovoked,1920.0
921,03,1929,Unprovoked,AUSTRALIA,Unprovoked,1920.0
922,02,1929,Unprovoked,AUSTRALIA,Unprovoked,1920.0
923,02,1929,Boating,AUSTRALIA,Boating,1920.0
924,02,1929,Unprovoked,AUSTRALIA,Unprovoked,1920.0
925,01,1929,Unprovoked,AUSTRALIA,Unprovoked,1920.0
926,01,1929,Unprovoked,AUSTRALIA,Unprovoked,1920.0
927,12,1928,Unprovoked,AUSTRALIA,Unprovoked,1920.0
928,07,1928,Unprovoked,AUSTRALIA,Unprovoked,1920.0
929,04,1928,Unprovoked,AUSTRALIA,Unprovoked,1920.0
930,04,1928,Unprovoked,AUSTRALIA,Unprovoked,1920.0
931,04,1928,Unprovoked,AUSTRALIA,Unprovoked,1920.0
932,04,1928,Unprovoked,AUSTRALIA,Unprovoked,1920.0
933,03,1928,Unprovoked,AUSTRALIA,Unprovoked,1920.0
934,02,1928,Unprovoked,AUSTRALIA,Unprovoked,1920.0
935,01,1928,Unprovoked,AUSTRALIA,Unprovoked,1920.0
936,11,1927,Sea Disaster,AUSTRALIA,Sea Disaster,1920.0
937,10,1927,Unprovoked,AUSTRALIA,Unprovoked,1920.0
938,07,1927,Boating,AUSTRALIA,Boating,1920.0
939,05,1927,Unprovoked,AUSTRALIA,Unprovoked,1920.0
940,04,1927,Unprovoked,AUSTRALIA,Unprovoked,1920.0
941,04,1927,Unprovoked,AUSTRALIA,Unprovoked,1920.0
942,03,1927,Unprovoked,AUSTRALIA,Unprovoked,1920.0
943,02,1927,Unprovoked,AUSTRALIA,Unprovoked,1920.0
944,01,1927,Unprovoked,AUSTRALIA,Unprovoked,1920.0
945,12,1926,Unprovoked,AUSTRALIA,Unprovoked,1920.0
946,11,1926,Unprovoked,AUSTRALIA,Unprovoked,1920.0
947,10,1926,Unprovoked,AUSTRALIA,Unprovoked,1920.0
948,03,1926,Unprovoked,AUSTRALIA,Unprovoked,1920.0
949,01,1926,Unprovoked,AUSTRALIA,Unprovoked,1920.0
950,11,1925,Unprovoked,AUSTRALIA,Unprovoked,1920.0
951,03,1925,Unprovoked,AUSTRALIA,Unprovoked,1920.0
952,03,1925,Unprovoked,AUSTRALIA,Unprovoked,1920.0
953,10,1924,Unprovoked,AUSTRALIA,Unprovoked,1920.0
954,04,1924,Unprovoked,AUSTRALIA,Unprovoked,1920.0
955,02,1924,Unprovoked,AUSTRALIA,Unprovoked,1920.0
956,01,1924,Unprovoked,AUSTRALIA,Unprovoked,1920.0
957,12,1923,Unprovoked,AUSTRALIA,Unprovoked,1920.0
958,12,1923,Unprovoked,AUSTRALIA,Unprovoked,1920.0
959,11,1923,Unprovoked,AUSTRALIA,Unprovoked,1920.0
960,10,1923,Boating,AUSTRALIA,Boating,1920.0
961,10,1923,Unprovoked,AUSTRALIA,Unprovoked,1920.0
962,07,1923,Unprovoked,AUSTRALIA,Unprovoked,1920.0
963,06,1923,Boating,AUSTRALIA,Boating,1920.0
964,05,1923,Unprovoked,AUSTRALIA,Unprovoked,1920.0
965,05,1923,Unprovoked,AUSTRALIA,Unprovoked,1920.0
966,03,1923,Unprovoked,AUSTRALIA,Unprovoked,1920.0
967,01,1923,Unprovoked,AUSTRALIA,Unprovoked,1920.0
968,12,1922,Unprovoked,AUSTRALIA,Unprovoked,1920.0
969,04,1922,Unprovoked,AUSTRALIA,Unprovoked,1920.0
970,03,1922,Unprovoked,AUSTRALIA,Unprovoked,1920.0
971,02,1922,Unprovoked,AUSTRALIA,Unprovoked,1920.0
972,01,1922,Unprovoked,AUSTRALIA,Unprovoked,1920.0
973,01,1922,Unprovoked,AUSTRALIA,Unprovoked,1920.0
974,01,1922,Unprovoked,AUSTRALIA,Unprovoked,1920.0
975,12,1921,Unprovoked,AUSTRALIA,Unprovoked,1920.0
976,11,1921,Unprovoked,AUSTRALIA,Unprovoked,1920.0
977,11,1921,Unprovoked,AUSTRALIA,Unprovoked,1920.0
978,10,1921,Unprovoked,AUSTRALIA,Unprovoked,1920.0
979,10,1921,Unprovoked,AUSTRALIA,Unprovoked,1920.0
980,08,1929,Unprovoked,AUSTRALIA,Unprovoked,1920.0
981,11,1920,Unprovoked,AUSTRALIA,Unprovoked,1920.0
982,11,1920,Unprovoked,AUSTRALIA,Unprovoked,1920.0
983,07,1920,Unprovoked,AUSTRALIA,Unprovoked,1920.0
984,03,1920,Unprovoked,AUSTRALIA,Unprovoked,1920.0
985,01,1920,Unprovoked,AUSTRALIA,Unprovoked,1920.0
986,01,1920,Unprovoked,AUSTRALIA,Unprovoked,1920.0
987,01,1920,Unprovoked,AUSTRALIA,Unprovoked,1920.0
988,12,1919,Unprovoked,AUSTRALIA,Unprovoked,1910.0
989,12,1919,Unprovoked,AUSTRALIA,Unprovoked,1910.0
990,11,1919,Unprovoked,AUSTRALIA,Unprovoked,1910.0
991,01,1919,Unprovoked,AUSTRALIA,Unprovoked,1910.0
992,01,1919,Unprovoked,AUSTRALIA,Unprovoked,1910.0
993,01,1919,Unprovoked,AUSTRALIA,Unprovoked,1910.0
994,09,1918,Unprovoked,AUSTRALIA,Unprovoked,1910.0
995,03,1918,Unprovoked,AUSTRALIA,Unprovoked,1910.0
996,12,1917,Unprovoked,AUSTRALIA,Unprovoked,1910.0
997,12,1916,Unprovoked,AUSTRALIA,Unprovoked,1910.0
998,12,1916,Unprovoked,AUSTRALIA,Unprovoked,1910.0
999,12,1916,Unprovoked,AUSTRALIA,Unprovoked,1910.0
1000,11,1916,Unprovoked,AUSTRALIA,Unprovoked,1910.0
1001,11,1916,Unprovoked,AUSTRALIA,Unprovoked,1910.0
1002,04,1916,Unprovoked,AUSTRALIA,Unprovoked,1910.0
1003,04,1916,Unprovoked,AUSTRALIA,Unprovoked,1910.0
1004,03,1916,Unprovoked,AUSTRALIA,Unprovoked,1910.0
1005,12,1915,Unprovoked,AUSTRALIA,Unprovoked,1910.0
1006,11,1915,Unprovoked,AUSTRALIA,Unprovoked,1910.0
1007,11,1914,Unprovoked,AUSTRALIA,Unprovoked,1910.0
1008,03,1915,Unprovoked,AUSTRALIA,Unprovoked,1910.0
1009,02,1915,Unprovoked,AUSTRALIA,Unprovoked,1910.0
1010,01,1915,Unprovoked,AUSTRALIA,Unprovoked,1910.0
1011,12,1914,Unprovoked,AUSTRALIA,Unprovoked,1910.0
1012,06,1914,Unprovoked,AUSTRALIA,Unprovoked,1910.0
1013,02,1914,Unprovoked,AUSTRALIA,Unprovoked,1910.0
1014,02,1914,Unprovoked,AUSTRALIA,Unprovoked,1910.0
1015,01,1914,Unprovoked,AUSTRALIA,Unprovoked,1910.0
1016,11,1913,Unprovoked,AUSTRALIA,Unprovoked,1910.0
1017,05,1913,Provoked,AUSTRALIA,Provoked,1910.0
1018,01,1913,Unprovoked,AUSTRALIA,Unprovoked,1910.0
1019,02,1912,Provoked,AUSTRALIA,Provoked,1910.0
1020,02,1912,Unprovoked,AUSTRALIA,Unprovoked,1910.0
1021,01,1912,Unprovoked,AUSTRALIA,Unprovoked,1910.0
1022,01,1912,Unprovoked,AUSTRALIA,Unprovoked,1910.0
1023,01,1912,Unprovoked,AUSTRALIA,Unprovoked,1910.0
1024,10,1911,Unprovoked,AUSTRALIA,Unprovoked,1910.0
1025,03,1911,Unprovoked,AUSTRALIA,Unprovoked,1910.0
1026,01,1911,Sea Disaster,AUSTRALIA,Sea Disaster,1910.0
1027,12,1910,Sea Disaster,AUSTRALIA,Sea Disaster,1910.0
1028,11,1910,Unprovoked,AUSTRALIA,Unprovoked,1910.0
1029,02,1910,Unprovoked,AUSTRALIA,Unprovoked,1910.0
1030,01,1910,Unprovoked,AUSTRALIA,Unprovoked,1910.0
1031,12,1909,Unprovoked,AUSTRALIA,Unprovoked,1900.0
1032,12,1909,Provoked,AUSTRALIA,Provoked,1900.0
1033,06,1909,Sea Disaster,AUSTRALIA,Sea Disaster,1900.0
1034,09,1908,Unprovoked,AUSTRALIA,Unprovoked,1900.0
1035,12,1907,Unprovoked,AUSTRALIA,Unprovoked,1900.0
1036,10,1907,Unprovoked,AUSTRALIA,Unprovoked,1900.0
1037,10,1907,Unprovoked,AUSTRALIA,Unprovoked,1900.0
1038,02,1907,Unprovoked,AUSTRALIA,Unprovoked,1900.0
1039,09,1906,Unprovoked,AUSTRALIA,Unprovoked,1900.0
1040,04,1906,Provoked,AUSTRALIA,Provoked,1900.0
1041,04,1906,Unprovoked,AUSTRALIA,Unprovoked,1900.0
1042,01,1906,Unprovoked,AUSTRALIA,Unprovoked,1900.0
1043,09,1905,Unprovoked,AUSTRALIA,Unprovoked,1900.0
1044,03,1905,Unprovoked,AUSTRALIA,Unprovoked,1900.0
1045,02,1904,Unprovoked,AUSTRALIA,Unprovoked,1900.0
1046,06,1903,Unprovoked,AUSTRALIA,Unprovoked,1900.0
1047,03,1903,Unprovoked,AUSTRALIA,Unprovoked,1900.0
1048,03,1903,Unprovoked,AUSTRALIA,Unprovoked,1900.0
1049,01,1903,Unprovoked,AUSTRALIA,Unprovoked,1900.0
1050,11,1902,Unprovoked,AUSTRALIA,Unprovoked,1900.0
1051,01,1902,Unprovoked,AUSTRALIA,Unprovoked,1900.0
1052,01,1902,Unprovoked,AUSTRALIA,Unprovoked,1900.0
1053,12,1901,Unprovoked,AUSTRALIA,Unprovoked,1900.0
1054,01,1901,Unprovoked,AUSTRALIA,Unprovoked,1900.0
1055,12,1900,Unprovoked,AUSTRALIA,Unprovoked,1900.0
1056,09,1900,Unprovoked,AUSTRALIA,Unprovoked,1900.0
1057,01,1900,Unprovoked,AUSTRALIA,Unprovoked,1900.0
1058,12,1899,Unprovoked,AUSTRALIA,Unprovoked,
1059,10,1899,Boating,AUSTRALIA,Boating,
1060,12,1898,Unprovoked,AUSTRALIA,Unprovoked,
1061,12,1896,Boating,AUSTRALIA,Boating,
1062,11,1896,Unprovoked,AUSTRALIA,Unprovoked,
1063,11,1896,Unprovoked,AUSTRALIA,Unprovoked,
1064,01,1896,Unprovoked,AUSTRALIA,Unprovoked,
1065,12,1895,Unprovoked,AUSTRALIA,Unprovoked,
1066,11,1895,Unprovoked,AUSTRALIA,Unprovoked,
1067,06,1895,Unprovoked,AUSTRALIA,Unprovoked,
1068,03,1895,Unprovoked,AUSTRALIA,Unprovoked,
1069,02,1895,Unprovoked,AUSTRALIA,Unprovoked,
1070,11,1894,Unprovoked,AUSTRALIA,Unprovoked,
1071,04,1893,Unprovoked,AUSTRALIA,Unprovoked,
1072,11,1892,Unprovoked,AUSTRALIA,Unprovoked,
1073,11,1892,Unprovoked,AUSTRALIA,Unprovoked,
1074,03,1892,Provoked,AUSTRALIA,Provoked,
1075,12,1891,Unprovoked,AUSTRALIA,Unprovoked,
1076,11,1889,Unprovoked,AUSTRALIA,Unprovoked,
1077,07,1889,Unprovoked,AUSTRALIA,Unprovoked,
1078,12,1888,Unprovoked,AUSTRALIA,Unprovoked,
1079,12,1888,Unprovoked,AUSTRALIA,Unprovoked,
1080,06,1888,Boating,AUSTRALIA,Boating,
1081,01,1888,Boating,AUSTRALIA,Boating,
1082,12,1887,Unprovoked,AUSTRALIA,Unprovoked,
1083,03,1887,Boating,AUSTRALIA,Boating,
1084,06,1886,Unprovoked,AUSTRALIA,Unprovoked,
1085,04,1886,Unprovoked,AUSTRALIA,Unprovoked,
1086,02,1886,Boating,AUSTRALIA,Boating,
1087,01,1886,Unprovoked,AUSTRALIA,Unprovoked,
1088,11,1885,Boating,AUSTRALIA,Boating,
1089,11,1885,Unprovoked,AUSTRALIA,Unprovoked,
1090,12,1884,Sea Disaster,AUSTRALIA,Sea Disaster,
1091,01,1884,Unprovoked,AUSTRALIA,Unprovoked,
1092,12,1883,Unprovoked,AUSTRALIA,Unprovoked,
1093,09,1883,Unprovoked,AUSTRALIA,Unprovoked,
1094,02,1883,Unprovoked,AUSTRALIA,Unprovoked,
1095,02,1883,Unprovoked,AUSTRALIA,Unprovoked,
1096,01,1883,Unprovoked,AUSTRALIA,Unprovoked,
1097,05,1882,Unprovoked,AUSTRALIA,Unprovoked,
1098,05,1882,Unprovoked,AUSTRALIA,Unprovoked,
1099,04,1882,Unprovoked,AUSTRALIA,Unprovoked,
1100,02,1882,Unprovoked,AUSTRALIA,Unprovoked,
1101,01,1882,Unprovoked,AUSTRALIA,Unprovoked,
1102,11,1880,Unprovoked,AUSTRALIA,Unprovoked,
1103,10,1880,Sea Disaster,AUSTRALIA,Sea Disaster,
1104,01,1880,Boating,AUSTRALIA,Boating,
1105,01,1880,Unprovoked,AUSTRALIA,Unprovoked,
1106,11,1879,Unprovoked,AUSTRALIA,Unprovoked,
1107,11,1878,Unprovoked,AUSTRALIA,Unprovoked,
1108,12,1877,Unprovoked,AUSTRALIA,Unprovoked,
1109,12,1877,Unprovoked,AUSTRALIA,Unprovoked,
1110,09,1877,Unprovoked,AUSTRALIA,Unprovoked,
1111,04,1877,Provoked,AUSTRALIA,Provoked,
1112,04,1877,Unprovoked,AUSTRALIA,Unprovoked,
1113,02,1877,Unprovoked,AUSTRALIA,Unprovoked,
1114,01,1877,Unprovoked,AUSTRALIA,Unprovoked,
1115,01,1877,Unprovoked,AUSTRALIA,Unprovoked,
1116,05,1876,Unprovoked,AUSTRALIA,Unprovoked,
1117,02,1876,Unprovoked,AUSTRALIA,Unprovoked,
1118,11,1875,Unprovoked,AUSTRALIA,Unprovoked,
1119,11,1874,Unprovoked,AUSTRALIA,Unprovoked,
1120,01,1874,Unprovoked,AUSTRALIA,Unprovoked,
1121,01,1873,Unprovoked,AUSTRALIA,Unprovoked,
1122,02,1872,Sea Disaster,AUSTRALIA,Sea Disaster,
1123,05,1870,Unprovoked,AUSTRALIA,Unprovoked,
1124,01,1870,Unprovoked,AUSTRALIA,Unprovoked,
1125,04,1869,Unprovoked,AUSTRALIA,Unprovoked,
1126,01,1868,Sea Disaster,AUSTRALIA,Sea Disaster,
1127,01,1867,Boating,AUSTRALIA,Boating,
1128,04,1863,Unprovoked,AUSTRALIA,Unprovoked,
1129,03,1863,Unprovoked,AUSTRALIA,Unprovoked,
1130,01,1863,Unprovoked,AUSTRALIA,Unprovoked,
1131,12,1862,Unprovoked,AUSTRALIA,Unprovoked,
1132,01,1861,Unprovoked,AUSTRALIA,Unprovoked,
1133,12,1860,Unprovoked,AUSTRALIA,Unprovoked,
1134,03,1858,Unprovoked,AUSTRALIA,Unprovoked,
1135,02,1856,Unprovoked,AUSTRALIA,Unprovoked,
1136,11,1855,Unprovoked,AUSTRALIA,Unprovoked,
1137,04,1855,Unprovoked,AUSTRALIA,Unprovoked,
1138,03,1855,Unprovoked,AUSTRALIA,Unprovoked,
1139,11,1853,Unprovoked,AUSTRALIA,Unprovoked,
1140,10,1852,Unprovoked,AUSTRALIA,Unprovoked,
1141,12,1849,Unprovoked,AUSTRALIA,Unprovoked,
1142,12,1849,Unprovoked,AUSTRALIA,Unprovoked,
1143,09,1849,Unprovoked,AUSTRALIA,Unprovoked,
1144,11,1847,Unprovoked,AUSTRALIA,Unprovoked,
1145,03,1847,Sea Disaster,AUSTRALIA,Sea Disaster,
1146,12,1845,Unprovoked,AUSTRALIA,Unprovoked,
1147,03,1841,Unprovoked,AUSTRALIA,Unprovoked,
1148,12,1840,Unprovoked,AUSTRALIA,Unprovoked,
1149,02,1840,Boat,AUSTRALIA,Boating,
1150,01,1837,Unprovoked,AUSTRALIA,Unprovoked,
1151,06,1832,Unprovoked,AUSTRALIA,Unprovoked,
1152,01,1832,Unprovoked,AUSTRALIA,Unprovoked,
1153,01,1807,Unprovoked,AUSTRALIA,Unprovoked,
1154,02,1804,Boat,AUSTRALIA,Boating,
1155,03,1803,Unprovoked,AUSTRALIA,Unprovoked,
1156,05,1788,Boat,AUSTRALIA,Boating,
