,Case Number,Year,Type,Country,Types,Decade
0,2018.05.12,2018,Unprovoked,SOUTH AFRICA,Unprovoked,2010.0
1,2018.04.22,2018,Unprovoked,SOUTH AFRICA,Unprovoked,2010.0
2,2018.04.03,2018,Unprovoked,SOUTH AFRICA,Unprovoked,2010.0
3,2018.02.24,2018,Unprovoked,SOUTH AFRICA,Unprovoked,2010.0
4,2017.09.03.b,2017,Unprovoked,SOUTH AFRICA,Unprovoked,2010.0
5,2017.07.07,2017,Unprovoked,SOUTH AFRICA,Unprovoked,2010.0
6,2017.04.29.c,2017,Unprovoked,SOUTH AFRICA,Unprovoked,2010.0
7,2017.02.06.a,2017,Boating,SOUTH AFRICA,Boating,2010.0
8,2016.12.19,2016,Unprovoked,SOUTH AFRICA,Unprovoked,2010.0
9,2016.06.23,2016,Unprovoked,SOUTH AFRICA,Unprovoked,2010.0
10,2016.04.22,2016,Unprovoked,SOUTH AFRICA,Unprovoked,2010.0
11,2016.01.29,2016,Boating,SOUTH AFRICA,Boating,2010.0
12,2015.12.26,2015,Boating,SOUTH AFRICA,Boating,2010.0
13,2015.12.08,2015,Unprovoked,SOUTH AFRICA,Unprovoked,2010.0
14,2015.10.25,2015,Unprovoked,SOUTH AFRICA,Unprovoked,2010.0
15,2015.07.19,2015,Unprovoked,SOUTH AFRICA,Unprovoked,2010.0
16,2015.06.27.a,2015,Unprovoked,SOUTH AFRICA,Unprovoked,2010.0
17,2015.06.26.b,2015,Unprovoked,SOUTH AFRICA,Unprovoked,2010.0
18,2015.05.02,2015,Unprovoked,SOUTH AFRICA,Unprovoked,2010.0
19,2015.03.26,2015,Boating,SOUTH AFRICA,Boating,2010.0
20,2015.01.23,2015,Unprovoked,SOUTH AFRICA,Unprovoked,2010.0
21,2015.01.03,2015,Unprovoked,SOUTH AFRICA,Unprovoked,2010.0
22,2014.08.01,2014,Unprovoked,SOUTH AFRICA,Unprovoked,2010.0
23,2014.05.04,2014,Unprovoked,SOUTH AFRICA,Unprovoked,2010.0
24,2014.04.12.R,2014,Boat,SOUTH AFRICA,Boating,2010.0
25,2014.04.12,2014,Provoked,SOUTH AFRICA,Provoked,2010.0
26,2014.03.22.b,2014,Unprovoked,SOUTH AFRICA,Unprovoked,2010.0
27,2013.12.16,2013,Unprovoked,SOUTH AFRICA,Unprovoked,2010.0
28,2013.10.11,2013,Unprovoked,SOUTH AFRICA,Unprovoked,2010.0
29,2013.08.08.R,2013,Unprovoked,SOUTH AFRICA,Unprovoked,2010.0
30,2013.06.16,2013,Unprovoked,SOUTH AFRICA,Unprovoked,2010.0
31,2013.04.14,2013,Unprovoked,SOUTH AFRICA,Unprovoked,2010.0
32,2013.03.16.b,2013,Provoked,SOUTH AFRICA,Provoked,2010.0
33,2013.03.16.a,2013,Unprovoked,SOUTH AFRICA,Unprovoked,2010.0
34,2013.03.03,2013,Unprovoked,SOUTH AFRICA,Unprovoked,2010.0
35,2012.12.25,2012,Unprovoked,SOUTH AFRICA,Unprovoked,2010.0
36,2012.07.06,2012,Unprovoked,SOUTH AFRICA,Unprovoked,2010.0
37,2012.04.19.a,2012,Unprovoked,SOUTH AFRICA,Unprovoked,2010.0
38,2012.02.20,2012,Boat,SOUTH AFRICA,Boating,2010.0
39,2012.01.15,2012,Unprovoked,SOUTH AFRICA,Unprovoked,2010.0
40,2011.12.21.a,2011,Boating,SOUTH AFRICA,Boating,2010.0
41,2011.10.28.,2011,Provoked,SOUTH AFRICA,Provoked,2010.0
42,2011.09.28.a,2011,Unprovoked,SOUTH AFRICA,Unprovoked,2010.0
43,2011.08.23,2011,Unprovoked,SOUTH AFRICA,Unprovoked,2010.0
44,2011.07.22,2011,Unprovoked,SOUTH AFRICA,Unprovoked,2010.0
45,2011.06.28,2011,Unprovoked,SOUTH AFRICA,Unprovoked,2010.0
46,2011.05.29,2011,Unprovoked,SOUTH AFRICA,Unprovoked,2010.0
47,2011.05.21.b,2011,Unprovoked,SOUTH AFRICA,Unprovoked,2010.0
48,2011.05.04,2011,Unprovoked,SOUTH AFRICA,Unprovoked,2010.0
49,2011.02.02,2011,Unprovoked,SOUTH AFRICA,Unprovoked,2010.0
50,2011.01.15,2011,Unprovoked,SOUTH AFRICA,Unprovoked,2010.0
51,2010.10.01,2010,Unprovoked,SOUTH AFRICA,Unprovoked,2000.0
52,2010.09.21,2010,Unprovoked,SOUTH AFRICA,Unprovoked,2000.0
53,2010.07.04,2010,Unprovoked,SOUTH AFRICA,Unprovoked,2000.0
54,2010.04.13,2010,Unprovoked,SOUTH AFRICA,Unprovoked,2000.0
55,2010.02.16,2010,Unprovoked,SOUTH AFRICA,Unprovoked,2000.0
56,2010.01.12,2010,Unprovoked,SOUTH AFRICA,Unprovoked,2000.0
57,2010.01.05,2010,Unprovoked,SOUTH AFRICA,Unprovoked,2000.0
58,2009.12.29,2009,Unprovoked,SOUTH AFRICA,Unprovoked,2000.0
59,2009.12.18,2009,Unprovoked,SOUTH AFRICA,Unprovoked,2000.0
60,2009.08.29,2009,Unprovoked,SOUTH AFRICA,Unprovoked,2000.0
61,2009.08.11,2009,Unprovoked,SOUTH AFRICA,Unprovoked,2000.0
62,2009.07.07,2009,Unprovoked,SOUTH AFRICA,Unprovoked,2000.0
63,2009.03.27,2009,Provoked,SOUTH AFRICA,Provoked,2000.0
64,2009.03.21,2009,Unprovoked,SOUTH AFRICA,Unprovoked,2000.0
65,2009.03.02,2009,Provoked,SOUTH AFRICA,Provoked,2000.0
66,2009.01.24.a,2009,Unprovoked,SOUTH AFRICA,Unprovoked,2000.0
67,2009.01.13.R,2009,Unprovoked,SOUTH AFRICA,Unprovoked,2000.0
68,2008.12.10,2008,Provoked,SOUTH AFRICA,Provoked,2000.0
69,2008.07.30,2008,Unprovoked,SOUTH AFRICA,Unprovoked,2000.0
70,2008.06.28.a,2008,Unprovoked,SOUTH AFRICA,Unprovoked,2000.0
71,2008.06.26.R,2008,Unprovoked,SOUTH AFRICA,Unprovoked,2000.0
72,2008.05.01,2008,Provoked,SOUTH AFRICA,Provoked,2000.0
73,2008.03.28.c,2008,Unprovoked,SOUTH AFRICA,Unprovoked,2000.0
74,2008.01.29,2008,Unprovoked,SOUTH AFRICA,Unprovoked,2000.0
75,2007.11.07,2007,Unprovoked,SOUTH AFRICA,Unprovoked,2000.0
76,2007.11.03,2007,Unprovoked,SOUTH AFRICA,Unprovoked,2000.0
77,2007.01.14,2007,Unprovoked,SOUTH AFRICA,Unprovoked,2000.0
78,2006.12.06,2006,Provoked,SOUTH AFRICA,Provoked,2000.0
79,2006.11.09,2006,Provoked,SOUTH AFRICA,Provoked,2000.0
80,2006.09.02,2006,Unprovoked,SOUTH AFRICA,Unprovoked,2000.0
81,2006.08.15,2006,Unprovoked,SOUTH AFRICA,Unprovoked,2000.0
82,2006.08.13,2006,Unprovoked,SOUTH AFRICA,Unprovoked,2000.0
83,2006.07.28,2006,Unprovoked,SOUTH AFRICA,Unprovoked,2000.0
84,2006.04.09.b,2006,Unprovoked,SOUTH AFRICA,Unprovoked,2000.0
85,2006.02.08,2006,Unprovoked,SOUTH AFRICA,Unprovoked,2000.0
86,2006.01.25,2006,Unprovoked,SOUTH AFRICA,Unprovoked,2000.0
87,2006.01.01,2006,Unprovoked,SOUTH AFRICA,Unprovoked,2000.0
88,2005.11.25.a,2005,Unprovoked,SOUTH AFRICA,Unprovoked,2000.0
89,2005.11.15,2005,Provoked,SOUTH AFRICA,Provoked,2000.0
90,2005.10.22,2005,Unprovoked,SOUTH AFRICA,Unprovoked,2000.0
91,2005.10.01,2005,Unprovoked,SOUTH AFRICA,Unprovoked,2000.0
92,2005.06.04,2005,Unprovoked,SOUTH AFRICA,Unprovoked,2000.0
93,2005.05.25,2005,Unprovoked,SOUTH AFRICA,Unprovoked,2000.0
94,2005.03.28,2005,Unprovoked,SOUTH AFRICA,Unprovoked,2000.0
95,2004.11.27,2004,Unprovoked,SOUTH AFRICA,Unprovoked,2000.0
96,2004.11.26,2004,Unprovoked,SOUTH AFRICA,Unprovoked,2000.0
97,2004.11.15,2004,Unprovoked,SOUTH AFRICA,Unprovoked,2000.0
98,2004.10.30.a,2004,Unprovoked,SOUTH AFRICA,Unprovoked,2000.0
99,2004.10.09.a,2004,Unprovoked,SOUTH AFRICA,Unprovoked,2000.0
100,2004.08.00,2004,Boat,SOUTH AFRICA,Boating,2000.0
101,2004.06.02,2004,Unprovoked,SOUTH AFRICA,Unprovoked,2000.0
102,2004.04.05,2004,Unprovoked,SOUTH AFRICA,Unprovoked,2000.0
103,2004.01.15.R,2004,Boating,SOUTH AFRICA,Boating,2000.0
104,2004.01.07,2004,Unprovoked,SOUTH AFRICA,Unprovoked,2000.0
105,2003.12.31,2003,Boating,SOUTH AFRICA,Boating,2000.0
106,2003.11.27,2003,Unprovoked,SOUTH AFRICA,Unprovoked,2000.0
107,2003.11.06.a,2003,Unprovoked,SOUTH AFRICA,Unprovoked,2000.0
108,2003.09.14.b,2003,Boat,SOUTH AFRICA,Boating,2000.0
109,2003.09.12,2003,Unprovoked,SOUTH AFRICA,Unprovoked,2000.0
110,2003.08.08,2003,Unprovoked,SOUTH AFRICA,Unprovoked,2000.0
111,2002.12.24,2002,Unprovoked,SOUTH AFRICA,Unprovoked,2000.0
112,2002.09.13,2002,Unprovoked,SOUTH AFRICA,Unprovoked,2000.0
113,2002.06.03,2002,Unprovoked,SOUTH AFRICA,Unprovoked,2000.0
114,2002.01.04,2002,Unprovoked,SOUTH AFRICA,Unprovoked,2000.0
115,2002.01.01.b,2002,Unprovoked,SOUTH AFRICA,Unprovoked,2000.0
116,2001.10.07,2001,Unprovoked,SOUTH AFRICA,Unprovoked,2000.0
117,2001.05.08,2001,Unprovoked,SOUTH AFRICA,Unprovoked,2000.0
118,2001.04.08.b,2001,Unprovoked,SOUTH AFRICA,Unprovoked,2000.0
119,2000.09.10.a,2000,Unprovoked,SOUTH AFRICA,Unprovoked,1990.0
120,2000.07.16.a,2000,Unprovoked,SOUTH AFRICA,Unprovoked,1990.0
121,2000.07.15.b,2000,Unprovoked,SOUTH AFRICA,Unprovoked,1990.0
122,2000.07.15.a,2000,Unprovoked,SOUTH AFRICA,Unprovoked,1990.0
123,2000.02.19,2000,Unprovoked,SOUTH AFRICA,Unprovoked,1990.0
124,1999.11.13,1999,Unprovoked,SOUTH AFRICA,Unprovoked,1990.0
125,1999.07.29,1999,Unprovoked,SOUTH AFRICA,Unprovoked,1990.0
126,1999.07.15,1999,Unprovoked,SOUTH AFRICA,Unprovoked,1990.0
127,1999.07.03,1999,Unprovoked,SOUTH AFRICA,Unprovoked,1990.0
128,1999.01.13,1999,Unprovoked,SOUTH AFRICA,Unprovoked,1990.0
129,1999.00.00.b,1999,Unprovoked,SOUTH AFRICA,Unprovoked,1990.0
130,1998.12.20.R,1998,Unprovoked,SOUTH AFRICA,Unprovoked,1990.0
131,1998.12.18,1998,Unprovoked,SOUTH AFRICA,Unprovoked,1990.0
132,1998.10.18,1998,Unprovoked,SOUTH AFRICA,Unprovoked,1990.0
133,1998.09.16.R,1998,Unprovoked,SOUTH AFRICA,Unprovoked,1990.0
134,1998.08.12,1998,Provoked,SOUTH AFRICA,Provoked,1990.0
135,1998.08.01.b,1998,Unprovoked,SOUTH AFRICA,Unprovoked,1990.0
136,1998.08.01.a,1998,Unprovoked,SOUTH AFRICA,Unprovoked,1990.0
137,1998.07.06.b,1998,Unprovoked,SOUTH AFRICA,Unprovoked,1990.0
138,1998.07.11,1998,Unprovoked,SOUTH AFRICA,Unprovoked,1990.0
139,1998.07.06.a,1998,Unprovoked,SOUTH AFRICA,Unprovoked,1990.0
140,1998.06.22,1998,Unprovoked,SOUTH AFRICA,Unprovoked,1990.0
141,1998.06.05,1998,Unprovoked,SOUTH AFRICA,Unprovoked,1990.0
142,1998.05.30,1998,Unprovoked,SOUTH AFRICA,Unprovoked,1990.0
143,1998.05.29.b,1998,Unprovoked,SOUTH AFRICA,Unprovoked,1990.0
144,1998.05.29.a,1998,Unprovoked,SOUTH AFRICA,Unprovoked,1990.0
145,1998.05.16.a,1998,Unprovoked,SOUTH AFRICA,Unprovoked,1990.0
146,1998.03.15,1998,Unprovoked,SOUTH AFRICA,Unprovoked,1990.0
147,1998.01.25.a,1998,Unprovoked,SOUTH AFRICA,Unprovoked,1990.0
148,1998.00.00.c,1998,Unprovoked,SOUTH AFRICA,Unprovoked,1990.0
149,1997.12.28.b,1997,Unprovoked,SOUTH AFRICA,Unprovoked,1990.0
150,1997.12.28.a,1997,Unprovoked,SOUTH AFRICA,Unprovoked,1990.0
151,1997.10.11.R,1997,Boat,SOUTH AFRICA,Boating,1990.0
152,1997.07.21,1997,Unprovoked,SOUTH AFRICA,Unprovoked,1990.0
153,1996.12.10,1996,Unprovoked,SOUTH AFRICA,Unprovoked,1990.0
154,1996.09.01.a,1996,Provoked,SOUTH AFRICA,Provoked,1990.0
155,1996.06.04,1996,Unprovoked,SOUTH AFRICA,Unprovoked,1990.0
156,1996.05.28,1996,Unprovoked,SOUTH AFRICA,Unprovoked,1990.0
157,1984.11.08,1984,Unprovoked,SOUTH AFRICA,Unprovoked,1980.0
158,1995.02.19,1995,Unprovoked,SOUTH AFRICA,Unprovoked,1990.0
159,1995.01.24,1995,Unprovoked,SOUTH AFRICA,Unprovoked,1990.0
160,1994.12.30,1994,Unprovoked,SOUTH AFRICA,Unprovoked,1990.0
161,1994.11.25.a,1994,Unprovoked,SOUTH AFRICA,Unprovoked,1990.0
162,1994.07.09.b,1994,Unprovoked,SOUTH AFRICA,Unprovoked,1990.0
163,1994.07.09.a,1994,Unprovoked,SOUTH AFRICA,Unprovoked,1990.0
164,1994.04.02,1994,Unprovoked,SOUTH AFRICA,Unprovoked,1990.0
165,1994.02.27,1994,Unprovoked,SOUTH AFRICA,Unprovoked,1990.0
166,1994.02.12,1994,Unprovoked,SOUTH AFRICA,Unprovoked,1990.0
167,1994.01.30,1994,Unprovoked,SOUTH AFRICA,Unprovoked,1990.0
168,1994.01.03,1994,Unprovoked,SOUTH AFRICA,Unprovoked,1990.0
169,1993.09.26,1993,Unprovoked,SOUTH AFRICA,Unprovoked,1990.0
170,1993.07.30,1993,Unprovoked,SOUTH AFRICA,Unprovoked,1990.0
171,1992.04.09,1992,Unprovoked,SOUTH AFRICA,Unprovoked,1990.0
172,1992.01.23,1992,Unprovoked,SOUTH AFRICA,Unprovoked,1990.0
173,1992.01.08,1992,Unprovoked,SOUTH AFRICA,Unprovoked,1990.0
174,1991.05.19,1991,Unprovoked,SOUTH AFRICA,Unprovoked,1990.0
175,1991.02.12,1991,Unprovoked,SOUTH AFRICA,Unprovoked,1990.0
176,1990.09.15,1990,Unprovoked,SOUTH AFRICA,Unprovoked,1980.0
177,1990.06.24,1990,Unprovoked,SOUTH AFRICA,Unprovoked,1980.0
178,1990.05.13,1990,Provoked,SOUTH AFRICA,Provoked,1980.0
179,1990.05.06,1990,Unprovoked,SOUTH AFRICA,Unprovoked,1980.0
180,1990.04.14,1990,Unprovoked,SOUTH AFRICA,Unprovoked,1980.0
181,1989.11.18,1989,Unprovoked,SOUTH AFRICA,Unprovoked,1980.0
182,1989.09.17,1989,Unprovoked,SOUTH AFRICA,Unprovoked,1980.0
183,1989.08.22.a,1989,Unprovoked,SOUTH AFRICA,Unprovoked,1980.0
184,1989.07.20,1989,Unprovoked,SOUTH AFRICA,Unprovoked,1980.0
185,1989.06.05,1989,Unprovoked,SOUTH AFRICA,Unprovoked,1980.0
186,1989.06.03,1989,Unprovoked,SOUTH AFRICA,Unprovoked,1980.0
187,1989.02.19,1989,Provoked,SOUTH AFRICA,Provoked,1980.0
188,1989.02.15,1989,Unprovoked,SOUTH AFRICA,Unprovoked,1980.0
189,1989.01.20.a,1989,Unprovoked,SOUTH AFRICA,Unprovoked,1980.0
190,1988.06.19,1988,Unprovoked,SOUTH AFRICA,Unprovoked,1980.0
191,1988.03.16,1988,Unprovoked,SOUTH AFRICA,Unprovoked,1980.0
192,1988.02.15,1988,Boat,SOUTH AFRICA,Boating,1980.0
193,1988.02.14,1988,Unprovoked,SOUTH AFRICA,Unprovoked,1980.0
194,1988.02.13,1988,Unprovoked,SOUTH AFRICA,Unprovoked,1980.0
195,1988.01.06,1988,Provoked,SOUTH AFRICA,Provoked,1980.0
196,1988.01.05.R,1988,Provoked,SOUTH AFRICA,Provoked,1980.0
197,1987.10.11,1987,Unprovoked,SOUTH AFRICA,Unprovoked,1980.0
198,1987.09.13,1987,Unprovoked,SOUTH AFRICA,Unprovoked,1980.0
199,1987.03.30.a,1987,Provoked,SOUTH AFRICA,Provoked,1980.0
200,1987.01.28,1987,Unprovoked,SOUTH AFRICA,Unprovoked,1980.0
201,1986.12.31,1986,Unprovoked,SOUTH AFRICA,Unprovoked,1980.0
202,1986.12.22,1986,Unprovoked,SOUTH AFRICA,Unprovoked,1980.0
203,1986.10.17,1986,Provoked,SOUTH AFRICA,Provoked,1980.0
204,1986.10.05,1986,Unprovoked,SOUTH AFRICA,Unprovoked,1980.0
205,1986.07.00.a,1986,Unprovoked,SOUTH AFRICA,Unprovoked,1980.0
206,1986.03.15,1986,Unprovoked,SOUTH AFRICA,Unprovoked,1980.0
207,1986.03.05,1986,Unprovoked,SOUTH AFRICA,Unprovoked,1980.0
208,1986.02.18,1986,Unprovoked,SOUTH AFRICA,Unprovoked,1980.0
209,1986.02.17,1986,Unprovoked,SOUTH AFRICA,Unprovoked,1980.0
210,1986.02.07,1986,Unprovoked,SOUTH AFRICA,Unprovoked,1980.0
211,1986.02.06,1986,Unprovoked,SOUTH AFRICA,Unprovoked,1980.0
212,1985.12.22,1985,Unprovoked,SOUTH AFRICA,Unprovoked,1980.0
213,1985.10.24,1985,Unprovoked,SOUTH AFRICA,Unprovoked,1980.0
214,1985.05.08,1985,Provoked,SOUTH AFRICA,Provoked,1980.0
215,1985.01.27,1985,Unprovoked,SOUTH AFRICA,Unprovoked,1980.0
216,1985.01.17,1985,Unprovoked,SOUTH AFRICA,Unprovoked,1980.0
217,1985.01.04,1985,Unprovoked,SOUTH AFRICA,Unprovoked,1980.0
218,1985.01.00.a,1985,Provoked,SOUTH AFRICA,Provoked,1980.0
219,1984.07.00.a,1984,Unprovoked,SOUTH AFRICA,Unprovoked,1980.0
220,1984.06.15,1984,Unprovoked,SOUTH AFRICA,Unprovoked,1980.0
221,1984.05.31,1984,Unprovoked,SOUTH AFRICA,Unprovoked,1980.0
222,1984.03.14,1984,Unprovoked,SOUTH AFRICA,Unprovoked,1980.0
223,1984.03.10,1984,Boat,SOUTH AFRICA,Boating,1980.0
224,1984.02.18,1984,Provoked,SOUTH AFRICA,Provoked,1980.0
225,1984.02.17,1984,Provoked,SOUTH AFRICA,Provoked,1980.0
226,1984.01.05,1984,Unprovoked,SOUTH AFRICA,Unprovoked,1980.0
227,1984.01.04,1984,Unprovoked,SOUTH AFRICA,Unprovoked,1980.0
228,1983.12.22,1983,Unprovoked,SOUTH AFRICA,Unprovoked,1980.0
229,1983.12.21,1983,Unprovoked,SOUTH AFRICA,Unprovoked,1980.0
230,1983.08.20.a,1983,Unprovoked,SOUTH AFRICA,Unprovoked,1980.0
231,1983.07.15,1983,Unprovoked,SOUTH AFRICA,Unprovoked,1980.0
232,1983.04.12,1983,Unprovoked,SOUTH AFRICA,Unprovoked,1980.0
233,1983.03.30.a,1983,Unprovoked,SOUTH AFRICA,Unprovoked,1980.0
234,1983.03.22,1983,Unprovoked,SOUTH AFRICA,Unprovoked,1980.0
235,1983.02.20,1983,Unprovoked,SOUTH AFRICA,Unprovoked,1980.0
236,1983.01.10,1983,Unprovoked,SOUTH AFRICA,Unprovoked,1980.0
237,1983.01.08,1983,Unprovoked,SOUTH AFRICA,Unprovoked,1980.0
238,1982.09.30.b,1982,Unprovoked,SOUTH AFRICA,Unprovoked,1980.0
239,1982.09.30.a,1982,Unprovoked,SOUTH AFRICA,Unprovoked,1980.0
240,1982.08.29.a,1982,Unprovoked,SOUTH AFRICA,Unprovoked,1980.0
241,1982.07.24.b,1982,Unprovoked,SOUTH AFRICA,Unprovoked,1980.0
242,1982.06.29,1982,Unprovoked,SOUTH AFRICA,Unprovoked,1980.0
243,1982.02.17,1982,Provoked,SOUTH AFRICA,Provoked,1980.0
244,1982.01.29,1982,Unprovoked,SOUTH AFRICA,Unprovoked,1980.0
245,1981.10.19.b,1981,Provoked,SOUTH AFRICA,Provoked,1980.0
246,1981.07.18,1981,Unprovoked,SOUTH AFRICA,Unprovoked,1980.0
247,1981.07.01,1981,Unprovoked,SOUTH AFRICA,Unprovoked,1980.0
248,1981.05.20,1981,Unprovoked,SOUTH AFRICA,Unprovoked,1980.0
249,1981.05.10,1981,Unprovoked,SOUTH AFRICA,Unprovoked,1980.0
250,1981.05.05,1981,Unprovoked,SOUTH AFRICA,Unprovoked,1980.0
251,1981.02.19,1981,Unprovoked,SOUTH AFRICA,Unprovoked,1980.0
252,1980.12.30,1980,Unprovoked,SOUTH AFRICA,Unprovoked,1970.0
253,1980.05.15,1980,Unprovoked,SOUTH AFRICA,Unprovoked,1970.0
254,1980.03.29,1980,Unprovoked,SOUTH AFRICA,Unprovoked,1970.0
255,1980.03.11,1980,Provoked,SOUTH AFRICA,Provoked,1970.0
256,1980.01.31,1980,Unprovoked,SOUTH AFRICA,Unprovoked,1970.0
257,1980.01.15,1980,Provoked,SOUTH AFRICA,Provoked,1970.0
258,1980.01.13,1980,Unprovoked,SOUTH AFRICA,Unprovoked,1970.0
259,1980.01.10,1980,Unprovoked,SOUTH AFRICA,Unprovoked,1970.0
260,1979.12.21,1979,Unprovoked,SOUTH AFRICA,Unprovoked,1970.0
261,1979.11.12,1979,Provoked,SOUTH AFRICA,Provoked,1970.0
262,1979.10.22,1979,Provoked,SOUTH AFRICA,Provoked,1970.0
263,1979.05.05,1979,Provoked,SOUTH AFRICA,Provoked,1970.0
264,1979.05.03,1979,Unprovoked,SOUTH AFRICA,Unprovoked,1970.0
265,1979.03.01,1979,Boat,SOUTH AFRICA,Boating,1970.0
266,1979.02.21,1979,Unprovoked,SOUTH AFRICA,Unprovoked,1970.0
267,1978.12.12,1978,Unprovoked,SOUTH AFRICA,Unprovoked,1970.0
268,1978.09.27,1978,Unprovoked,SOUTH AFRICA,Unprovoked,1970.0
269,1978.03.05,1978,Boat,SOUTH AFRICA,Boating,1970.0
270,1978.02.28,1978,Unprovoked,SOUTH AFRICA,Unprovoked,1970.0
271,1978.02.19,1978,Unprovoked,SOUTH AFRICA,Unprovoked,1970.0
272,1978.01.17,1978,Unprovoked,SOUTH AFRICA,Unprovoked,1970.0
273,1977.12.19.a,1977,Unprovoked,SOUTH AFRICA,Unprovoked,1970.0
274,1977.12.00,1977,Boat,SOUTH AFRICA,Boating,1970.0
275,1977.11.12,1977,Provoked,SOUTH AFRICA,Provoked,1970.0
276,1977.10.30,1977,Unprovoked,SOUTH AFRICA,Unprovoked,1970.0
277,1977.08.19,1977,Boat,SOUTH AFRICA,Boating,1970.0
278,1977.05.26,1977,Boat,SOUTH AFRICA,Boating,1970.0
279,1977.03.17,1977,Unprovoked,SOUTH AFRICA,Unprovoked,1970.0
280,1976.11.27,1976,Unprovoked,SOUTH AFRICA,Unprovoked,1970.0
281,1976.11.06,1976,Provoked,SOUTH AFRICA,Provoked,1970.0
282,1976.10.27,1976,Boat,SOUTH AFRICA,Boating,1970.0
283,1976.10.06,1976,Unprovoked,SOUTH AFRICA,Unprovoked,1970.0
284,1976.05.02,1976,Boat,SOUTH AFRICA,Boating,1970.0
285,1976.03.12.a,1976,Boat,SOUTH AFRICA,Boating,1970.0
286,1976.03.09,1976,Boat,SOUTH AFRICA,Boating,1970.0
287,1976.03.02,1976,Boat,SOUTH AFRICA,Boating,1970.0
288,1976.02.03,1976,Boat,SOUTH AFRICA,Boating,1970.0
289,1976.01.13,1976,Provoked,SOUTH AFRICA,Provoked,1970.0
290,1976.01.11,1976,Provoked,SOUTH AFRICA,Provoked,1970.0
291,1975.11.19.a,1975,Unprovoked,SOUTH AFRICA,Unprovoked,1970.0
292,1975.09.00,1975,Unprovoked,SOUTH AFRICA,Unprovoked,1970.0
293,1975.08.17,1975,Unprovoked,SOUTH AFRICA,Unprovoked,1970.0
294,1975.04.05,1975,Unprovoked,SOUTH AFRICA,Unprovoked,1970.0
295,1975.03.09,1975,Provoked,SOUTH AFRICA,Provoked,1970.0
296,1975.02.23,1975,Unprovoked,SOUTH AFRICA,Unprovoked,1970.0
297,1975.02.14.R,1975,Boat,SOUTH AFRICA,Boating,1970.0
298,1975.02.01,1975,Provoked,SOUTH AFRICA,Provoked,1970.0
299,1974.04.20,1974,Unprovoked,SOUTH AFRICA,Unprovoked,1970.0
300,1974.04.14,1974,Unprovoked,SOUTH AFRICA,Unprovoked,1970.0
301,1974.04.04,1974,Unprovoked,SOUTH AFRICA,Unprovoked,1970.0
302,1974.03.21,1974,Unprovoked,SOUTH AFRICA,Unprovoked,1970.0
303,1974.03.00,1974,Boat,SOUTH AFRICA,Boating,1970.0
304,1974.02.13.b,1974,Unprovoked,SOUTH AFRICA,Unprovoked,1970.0
305,1974.02.13.a,1974,Unprovoked,SOUTH AFRICA,Unprovoked,1970.0
306,1974.02.00.b,1974,Boat,SOUTH AFRICA,Boating,1970.0
307,1974.02.00.a,1974,Boat,SOUTH AFRICA,Boating,1970.0
308,1974.01.13,1974,Unprovoked,SOUTH AFRICA,Unprovoked,1970.0
309,1974.01.07.c,1974,Unprovoked,SOUTH AFRICA,Unprovoked,1970.0
310,1973.09.29,1973,Sea Disaster,SOUTH AFRICA,Sea Disaster,1970.0
311,1973.03.00,1973,Unprovoked,SOUTH AFRICA,Unprovoked,1970.0
312,1973.01.21,1973,Provoked,SOUTH AFRICA,Provoked,1970.0
313,1973.00.00.a,1973,Unprovoked,SOUTH AFRICA,Unprovoked,1970.0
314,1972.12.31,1972,Unprovoked,SOUTH AFRICA,Unprovoked,1970.0
315,1972.12.24,1972,Unprovoked,SOUTH AFRICA,Unprovoked,1970.0
316,1972.01.01.c,1972,Unprovoked,SOUTH AFRICA,Unprovoked,1970.0
317,1972.01.01.b,1971,Unprovoked,SOUTH AFRICA,Unprovoked,1970.0
318,1971.12.16,1971,Unprovoked,SOUTH AFRICA,Unprovoked,1970.0
319,1971.10.14,1971,Unprovoked,SOUTH AFRICA,Unprovoked,1970.0
320,1971.06.30,1971,Unprovoked,SOUTH AFRICA,Unprovoked,1970.0
321,1971.04.11,1971,Unprovoked,SOUTH AFRICA,Unprovoked,1970.0
322,1970.06.15,1970,Provoked,SOUTH AFRICA,Provoked,1960.0
323,1968.12.02,1968,Unprovoked,SOUTH AFRICA,Unprovoked,1960.0
324,1968.11.06,1968,Boat,SOUTH AFRICA,Boating,1960.0
325,1968.03.25,1968,Unprovoked,SOUTH AFRICA,Unprovoked,1960.0
326,1967.12.30,1967,Unprovoked,SOUTH AFRICA,Unprovoked,1960.0
327,1967.03.19,1967,Unprovoked,SOUTH AFRICA,Unprovoked,1960.0
328,1967.01.27,1967,Boat,SOUTH AFRICA,Boating,1960.0
329,1967.01.22,1967,Provoked,SOUTH AFRICA,Provoked,1960.0
330,1966.01.29,1966,Provoked,SOUTH AFRICA,Provoked,1960.0
331,1966.01.11,1966,Unprovoked,SOUTH AFRICA,Unprovoked,1960.0
332,1966.01.09,1966,Unprovoked,SOUTH AFRICA,Unprovoked,1960.0
333,1965.02.14,1965,Unprovoked,SOUTH AFRICA,Unprovoked,1960.0
334,1965.01.23,1965,Unprovoked,SOUTH AFRICA,Unprovoked,1960.0
335,1965.01.16,1965,Unprovoked,SOUTH AFRICA,Unprovoked,1960.0
336,1964.12.25,1964,Unprovoked,SOUTH AFRICA,Unprovoked,1960.0
337,1964.10.31,1964,Provoked,SOUTH AFRICA,Provoked,1960.0
338,1964.07.16,1964,Unprovoked,SOUTH AFRICA,Unprovoked,1960.0
339,1964.02.08,1954,Unprovoked,SOUTH AFRICA,Unprovoked,1950.0
340,1964.01.23,1964,Unprovoked,SOUTH AFRICA,Unprovoked,1960.0
341,1964.01.22,1964,Unprovoked,SOUTH AFRICA,Unprovoked,1960.0
342,1964.01.21,1964,Boat,SOUTH AFRICA,Boating,1960.0
343,1964.01.01.a,1964,Unprovoked,SOUTH AFRICA,Unprovoked,1960.0
344,1963.12.29,1963,Unprovoked,SOUTH AFRICA,Unprovoked,1960.0
345,1963.12.26.b,1963,Unprovoked,SOUTH AFRICA,Unprovoked,1960.0
346,1963.12.25,1963,Unprovoked,SOUTH AFRICA,Unprovoked,1960.0
347,1963.12.22.a,1963,Provoked,SOUTH AFRICA,Provoked,1960.0
348,1963.12.20.b,1963,Unprovoked,SOUTH AFRICA,Unprovoked,1960.0
349,1963.12.20.a,1963,Unprovoked,SOUTH AFRICA,Unprovoked,1960.0
350,1963.04.17,1963,Unprovoked,SOUTH AFRICA,Unprovoked,1960.0
351,1963.01.22,1963,Boat,SOUTH AFRICA,Boating,1960.0
352,1963.01.12,1963,Provoked,SOUTH AFRICA,Provoked,1960.0
353,1963.01.11,1963,Unprovoked,SOUTH AFRICA,Unprovoked,1960.0
354,1963.01.06,1963,Unprovoked,SOUTH AFRICA,Unprovoked,1960.0
355,1962.12.30,1962,Provoked,SOUTH AFRICA,Provoked,1960.0
356,1962.12.00,1962,Boat,SOUTH AFRICA,Boating,1960.0
357,1962.10.28,1962,Unprovoked,SOUTH AFRICA,Unprovoked,1960.0
358,1962.08.23,1962,Boat,SOUTH AFRICA,Boating,1960.0
359,1962.06.21,1962,Boat,SOUTH AFRICA,Boating,1960.0
360,1962.04.07,1962,Unprovoked,SOUTH AFRICA,Unprovoked,1960.0
361,1962.04.05,1962,Provoked,SOUTH AFRICA,Provoked,1960.0
362,1962.02.07,1962,Unprovoked,SOUTH AFRICA,Unprovoked,1960.0
363,1962.02.05,1962,Unprovoked,SOUTH AFRICA,Unprovoked,1960.0
364,1962.01.06,1962,Boat,SOUTH AFRICA,Boating,1960.0
365,1961.12.28.a,1961,Unprovoked,SOUTH AFRICA,Unprovoked,1960.0
366,1961.04.17,1961,Provoked,SOUTH AFRICA,Provoked,1960.0
367,1961.03.07,1961,Provoked,SOUTH AFRICA,Provoked,1960.0
368,1961.02.12,1961,Unprovoked,SOUTH AFRICA,Unprovoked,1960.0
369,1961.02.01.b,1961,Unprovoked,SOUTH AFRICA,Unprovoked,1960.0
370,1961.01.25,1961,Boat,SOUTH AFRICA,Boating,1960.0
371,1961.01.22,1961,Unprovoked,SOUTH AFRICA,Unprovoked,1960.0
372,1961.01.06.c,1961,Unprovoked,SOUTH AFRICA,Unprovoked,1960.0
373,1961.01.03.b,1961,Unprovoked,SOUTH AFRICA,Unprovoked,1960.0
374,1960.12.24,1960,Unprovoked,SOUTH AFRICA,Unprovoked,1950.0
375,1960.11.00.d,1960,Boat,SOUTH AFRICA,Boating,1950.0
376,1960.10.24,1960,Boat,SOUTH AFRICA,Boating,1950.0
377,1960.10.00.b,1960,Boat,SOUTH AFRICA,Boating,1950.0
378,1960.04.30,1960,Unprovoked,SOUTH AFRICA,Unprovoked,1950.0
379,1960.04.20.R,1960,Provoked,SOUTH AFRICA,Provoked,1950.0
380,1960.04.00.a,1960,Boat,SOUTH AFRICA,Boating,1950.0
381,1960.01.01,1960,Provoked,SOUTH AFRICA,Provoked,1950.0
382,1960.00.00.a,1960,Unprovoked,SOUTH AFRICA,Unprovoked,1950.0
383,1959.11.15,1959,Boat,SOUTH AFRICA,Boating,1950.0
384,1959.05.30,1959,Provoked,SOUTH AFRICA,Provoked,1950.0
385,1959.04.09..a,1959,Unprovoked,SOUTH AFRICA,Unprovoked,1950.0
386,1959.02.01,1959,Unprovoked,SOUTH AFRICA,Unprovoked,1950.0
387,1959.01.15,1959,Unprovoked,SOUTH AFRICA,Unprovoked,1950.0
388,1958.12.23,1958,Unprovoked,SOUTH AFRICA,Unprovoked,1950.0
389,1958.04.05,1958,Unprovoked,SOUTH AFRICA,Unprovoked,1950.0
390,1958.04.03,1958,Unprovoked,SOUTH AFRICA,Unprovoked,1950.0
391,1958.01.09,1958,Unprovoked,SOUTH AFRICA,Unprovoked,1950.0
392,1958.00.00.b,1958,Boat,SOUTH AFRICA,Boating,1950.0
393,1958.00.00.a,1958,Unprovoked,SOUTH AFRICA,Unprovoked,1950.0
394,1957.12.30,1957,Unprovoked,SOUTH AFRICA,Unprovoked,1950.0
395,1957.12.26,1957,Unprovoked,SOUTH AFRICA,Unprovoked,1950.0
396,1957.12.23,1957,Unprovoked,SOUTH AFRICA,Unprovoked,1950.0
397,1957.12.20,1957,Unprovoked,SOUTH AFRICA,Unprovoked,1950.0
398,1957.12.18,1957,Unprovoked,SOUTH AFRICA,Unprovoked,1950.0
399,1957.01.05,1957,Unprovoked,SOUTH AFRICA,Unprovoked,1950.0
400,1956.10.27,1956,Unprovoked,SOUTH AFRICA,Unprovoked,1950.0
401,1956.08.01,1956,Unprovoked,SOUTH AFRICA,Unprovoked,1950.0
402,1956.05.26.R,1956,Boating,SOUTH AFRICA,Boating,1950.0
403,1955.01.15,1955,Unprovoked,SOUTH AFRICA,Unprovoked,1950.0
404,1954.12.04,1954,Unprovoked,SOUTH AFRICA,Unprovoked,1950.0
405,1953.12.30,1953,Unprovoked,SOUTH AFRICA,Unprovoked,1950.0
406,1953.12.22,1953,Unprovoked,SOUTH AFRICA,Unprovoked,1950.0
407,1951.11.29,1951,Unprovoked,SOUTH AFRICA,Unprovoked,1950.0
408,1951.11.28.a,1951,Unprovoked,SOUTH AFRICA,Unprovoked,1950.0
409,1951.03.15,1951,Unprovoked,SOUTH AFRICA,Unprovoked,1950.0
410,1951.02.19,1951,Unprovoked,SOUTH AFRICA,Unprovoked,1950.0
411,1951.01.21,1951,Unprovoked,SOUTH AFRICA,Unprovoked,1950.0
412,1950.05.24,1950,Unprovoked,SOUTH AFRICA,Unprovoked,1940.0
413,1950.04.09.a,1950,Unprovoked,SOUTH AFRICA,Unprovoked,1940.0
414,1950.03.26,1950,Unprovoked,SOUTH AFRICA,Unprovoked,1940.0
415,1950.03.08,1950,Unprovoked,SOUTH AFRICA,Unprovoked,1940.0
416,1950.02.11,1950,Unprovoked,SOUTH AFRICA,Unprovoked,1940.0
417,1948.04.10,1948,Provoked,SOUTH AFRICA,Provoked,1940.0
418,1948.00.00.a,1948,Boating,SOUTH AFRICA,Boating,1940.0
419,1947.07.15,1947,Unprovoked,SOUTH AFRICA,Unprovoked,1940.0
420,1947.04.20,1947,Unprovoked,SOUTH AFRICA,Unprovoked,1940.0
421,1947.04.11,1947,Unprovoked,SOUTH AFRICA,Unprovoked,1940.0
422,1947.03.12,1947,Unprovoked,SOUTH AFRICA,Unprovoked,1940.0
423,1947.03.09,1947,Unprovoked,SOUTH AFRICA,Unprovoked,1940.0
424,1947.01.05,1947,Unprovoked,SOUTH AFRICA,Unprovoked,1940.0
425,1946.02.16,1946,Unprovoked,SOUTH AFRICA,Unprovoked,1940.0
426,1946.02.10.a,1946,Unprovoked,SOUTH AFRICA,Unprovoked,1940.0
427,1946.01.24.b,1946,Unprovoked,SOUTH AFRICA,Unprovoked,1940.0
428,1946.01.24.a,1946,Unprovoked,SOUTH AFRICA,Unprovoked,1940.0
429,1946.01.07,1946,Unprovoked,SOUTH AFRICA,Unprovoked,1940.0
430,1946.01.01,1946,Unprovoked,SOUTH AFRICA,Unprovoked,1940.0
431,1946.00.00.c,1946,Boating,SOUTH AFRICA,Boating,1940.0
432,1946.00.00.b,1946,Boating,SOUTH AFRICA,Boating,1940.0
433,1945.03.06,1945,Unprovoked,SOUTH AFRICA,Unprovoked,1940.0
434,1944.08.20,1944,Unprovoked,SOUTH AFRICA,Unprovoked,1940.0
435,1944.03.26.b,1944,Unprovoked,SOUTH AFRICA,Unprovoked,1940.0
436,1944.03.26.a,1944,Unprovoked,SOUTH AFRICA,Unprovoked,1940.0
437,1944.03.14,1944,Unprovoked,SOUTH AFRICA,Unprovoked,1940.0
438,1944.02.27,1944,Unprovoked,SOUTH AFRICA,Unprovoked,1940.0
439,1944.01.20,1944,Unprovoked,SOUTH AFRICA,Unprovoked,1940.0
440,1944.01.04,1944,Unprovoked,SOUTH AFRICA,Unprovoked,1940.0
441,1943.12.12,1943,Unprovoked,SOUTH AFRICA,Unprovoked,1940.0
442,1943.11.21,1943,Unprovoked,SOUTH AFRICA,Unprovoked,1940.0
443,1943.03.21,1943,Unprovoked,SOUTH AFRICA,Unprovoked,1940.0
444,1942.11.28,1942,Sea Disaster,SOUTH AFRICA,Sea Disaster,1940.0
445,1942.11.25,1942,Unprovoked,SOUTH AFRICA,Unprovoked,1940.0
446,1942.11.01,1942,Unprovoked,SOUTH AFRICA,Unprovoked,1940.0
447,1942.00.00.h,1942,Boating,SOUTH AFRICA,Boating,1940.0
448,1942.00.00.g,1942,Boating,SOUTH AFRICA,Boating,1940.0
449,1940.12.20,1940,Unprovoked,SOUTH AFRICA,Unprovoked,1930.0
450,1940.03.31,1940,Unprovoked,SOUTH AFRICA,Unprovoked,1930.0
451,1940.02.22,1940,Unprovoked,SOUTH AFRICA,Unprovoked,1930.0
452,1940.01.07,1940,Unprovoked,SOUTH AFRICA,Unprovoked,1930.0
453,1938.01.18,1938,Provoked,SOUTH AFRICA,Provoked,1930.0
454,1938.00.00.a,1938,Unprovoked,SOUTH AFRICA,Unprovoked,1930.0
455,1936.07.00,1936,Boating,SOUTH AFRICA,Boating,1930.0
456,1935.05.19,1935,Provoked,SOUTH AFRICA,Provoked,1930.0
457,1935.03.25.R,1935,Provoked,SOUTH AFRICA,Provoked,1930.0
458,1934.04.01.c,1934,Unprovoked,SOUTH AFRICA,Unprovoked,1930.0
459,1934.04.01.b,1934,Unprovoked,SOUTH AFRICA,Unprovoked,1930.0
460,1932.00.00,1932,Unprovoked,SOUTH AFRICA,Unprovoked,1930.0
461,1930.01.16,1930,Unprovoked,SOUTH AFRICA,Unprovoked,1920.0
462,1930.00.00.a,1930,Unprovoked,SOUTH AFRICA,Unprovoked,1920.0
463,1928.01.02,1928,Unprovoked,SOUTH AFRICA,Unprovoked,1920.0
464,1928.01.00,1928,Unprovoked,SOUTH AFRICA,Unprovoked,1920.0
465,1928.00.00,1928,Unprovoked,SOUTH AFRICA,Unprovoked,1920.0
466,1927.12.28,1927,Unprovoked,SOUTH AFRICA,Unprovoked,1920.0
467,1927.01.20,1927,Unprovoked,SOUTH AFRICA,Unprovoked,1920.0
468,1926.01.26,1926,Unprovoked,SOUTH AFRICA,Unprovoked,1920.0
469,1926.00.00.a,1926,Unprovoked,SOUTH AFRICA,Unprovoked,1920.0
470,1924.01.29,1924,Unprovoked,SOUTH AFRICA,Unprovoked,1920.0
471,1924.01.25,1924,Unprovoked,SOUTH AFRICA,Unprovoked,1920.0
472,1922.05.06,1922,Unprovoked,SOUTH AFRICA,Unprovoked,1920.0
473,1920.02.03,1920,Unprovoked,SOUTH AFRICA,Unprovoked,1910.0
474,1920.00.00.a,1920,Unprovoked,SOUTH AFRICA,Unprovoked,1910.0
475,1914.00.00,1914,Unprovoked,SOUTH AFRICA,Unprovoked,1910.0
476,1911.05.09,1911,Unprovoked,SOUTH AFRICA,Unprovoked,1910.0
477,1911.05.01,1911,Unprovoked,SOUTH AFRICA,Unprovoked,1910.0
478,1909.06.26.b.R,1909,Unprovoked,SOUTH AFRICA,Unprovoked,1900.0
479,1909.03.06,1909,Sea Disaster,SOUTH AFRICA,Sea Disaster,1900.0
480,1908.12.31,1908,Unprovoked,SOUTH AFRICA,Unprovoked,1900.0
481,1906.01.20,1906,Unprovoked,SOUTH AFRICA,Unprovoked,1900.0
482,1905.12.31,1905,Unprovoked,SOUTH AFRICA,Unprovoked,1900.0
483,1905.04.06,1905,Unprovoked,SOUTH AFRICA,Unprovoked,1900.0
484,1901.07.30,1901,Unprovoked,SOUTH AFRICA,Unprovoked,1900.0
485,1900.11.14,1900,Unprovoked,SOUTH AFRICA,Unprovoked,
486,1900.00.00.a,1900,Unprovoked,SOUTH AFRICA,Unprovoked,
487,1899.00.00.c,1899,Unprovoked,SOUTH AFRICA,Unprovoked,
488,1897.07.21,1897,Unprovoked,SOUTH AFRICA,Unprovoked,
489,1895.04.29,1895,Unprovoked,SOUTH AFRICA,Unprovoked,
490,1894.06.25,1894,Unprovoked,SOUTH AFRICA,Unprovoked,
491,1890.00.00.a,1890,Unprovoked,SOUTH AFRICA,Unprovoked,
492,1888.02.00,1888,Unprovoked,SOUTH AFRICA,Unprovoked,
493,1887.02.08,1887,Provoked,SOUTH AFRICA,Provoked,
494,1887.01.12,1887,Unprovoked,SOUTH AFRICA,Unprovoked,
495,1886.01.28,1886,Unprovoked,SOUTH AFRICA,Unprovoked,
496,1886.01.01,1886,Unprovoked,SOUTH AFRICA,Unprovoked,
497,1885.03.28,1885,Unprovoked,SOUTH AFRICA,Unprovoked,
498,1884.01.16,1884,Unprovoked,SOUTH AFRICA,Unprovoked,
499,1878.02.13,1878,Sea Disaster,SOUTH AFRICA,Sea Disaster,
500,1865.03.01.R,1865,Boating,SOUTH AFRICA,Boating,
501,1862.06.03,1862,Unprovoked,SOUTH AFRICA,Unprovoked,
502,1862.05.05,1862,Unprovoked,SOUTH AFRICA,Unprovoked,
503,1852.05.24,1852,Unprovoked,SOUTH AFRICA,Unprovoked,
504,1852.02.26,1852,Sea Disaster,SOUTH AFRICA,Sea Disaster,
505,ND-0106,1962,Unprovoked,SOUTH AFRICA,Unprovoked,1960.0
506,ND.0084,1967,Unprovoked,SOUTH AFRICA,Unprovoked,1960.0
507,ND.0017,1921,Unprovoked,SOUTH AFRICA,Unprovoked,1920.0
508,ND.0016,1921,Unprovoked,SOUTH AFRICA,Unprovoked,1920.0
509,ND.0013,1913,Unprovoked,SOUTH AFRICA,Unprovoked,1910.0
510,ND.0012,1913,Unprovoked,SOUTH AFRICA,Unprovoked,1910.0
